scene_id,route,kind,relative_path,bytes,sha256
0001,100_30,uav_esp,data/crossgeo-paper85/scenes/0001/uav/esp/0001_100_30.esp,606002,8131dd78d4c4fd27491e84716d85ad0a9b0005ba524d1378f2b930a8894748e9
0001,100_30,uav_reconstruction_xml,data/crossgeo-paper85/scenes/0001/uav/reconstruction_xml/0001_100_30.xml,660431,99464317ab69601ceb6698b52b4f45f7d14cb0893d5a12860983aa83d7fc8e08
0001,45_30,uav_esp,data/crossgeo-paper85/scenes/0001/uav/esp/0001_45_30.esp,606008,70a02110d9454ef160a584c8c5e3d67790b2ef357767dbe76c76c1206940be48
0001,45_30,uav_reconstruction_xml,data/crossgeo-paper85/scenes/0001/uav/reconstruction_xml/0001_45_30.xml,633233,221b46942d626b1c587da2c8b366aaa6cc6155e5a0b98f12fa30970ea3ce8353
0001,45_60,uav_esp,data/crossgeo-paper85/scenes/0001/uav/esp/0001_45_60.esp,605685,c9fad17d4c07c8e6989cf29afd8c48c235fe94cc64bd8e60175f33481d6d70ce
0001,45_60,uav_reconstruction_xml,data/crossgeo-paper85/scenes/0001/uav/reconstruction_xml/0001_45_60.xml,642499,eefb224c9f8bbadc7d7beda5bd874b6b9a089370e4bd2ca2d199d86aef0a7c47
0001,45_90,uav_esp,data/crossgeo-paper85/scenes/0001/uav/esp/0001_45_90.esp,605620,db90098eeafc080c29bd9ab9e0aa40f467e7e747dff8c04ec52575516e6be7aa
0001,45_90,uav_reconstruction_xml,data/crossgeo-paper85/scenes/0001/uav/reconstruction_xml/0001_45_90.xml,656839,5b57ab663c41929796e01cf185e5eba30671da031b64219ab415cf7f9271c977
0001,70_30,uav_esp,data/crossgeo-paper85/scenes/0001/uav/esp/0001_70_30.esp,606012,0af27aad7924258aa3b7db6e580559d348c1e30e8e75ecb119707a6bb0c2728b
0001,70_30,uav_reconstruction_xml,data/crossgeo-paper85/scenes/0001/uav/reconstruction_xml/0001_70_30.xml,660176,fd5de5af915cffdd1ad5d908a1e9e84251ea5646c4f9c332109644b36c497dc9
0001,,ground_panoids,scenes/0001/ground/panoids.json,50305,d7df4d3726c9693ff9f6f962e94d9dc1ee6272cbbe1f12efe9e32e725d45c76f
0003,100_30,uav_esp,data/crossgeo-paper85/scenes/0003/uav/esp/0003_100_30.esp,605796,9fc4ebd6f830b41434c7cf81ae13dae9becbea20fc8644fab8531a764f73f851
0003,100_30,uav_reconstruction_xml,data/crossgeo-paper85/scenes/0003/uav/reconstruction_xml/0003_100_30.xml,658179,53eeb70a7d0b25a50c543ae679b50969a29f1014393ab7433d0ec55258055316
0003,45_30,uav_esp,data/crossgeo-paper85/scenes/0003/uav/esp/0003_45_30.esp,605788,995b3cc09c90f17be9ae1ddc591ef73c51bba911d3ca3e0ad13e7972d2274453
0003,45_30,uav_reconstruction_xml,data/crossgeo-paper85/scenes/0003/uav/reconstruction_xml/0003_45_30.xml,636241,d0e7621049e9eab14f53804b2ecc4b64f8df98f6fc2990abee29da4839976a8f
0003,45_60,uav_esp,data/crossgeo-paper85/scenes/0003/uav/esp/0003_45_60.esp,605465,166969b2b641cd30c566a45537501c19de7bd5d75ba6b4ad558e222ccb35b733
0003,45_60,uav_reconstruction_xml,data/crossgeo-paper85/scenes/0003/uav/reconstruction_xml/0003_45_60.xml,634787,5aa765fc8e65f1c4e51a05ff000e5c509cbc663ac2fc5310b5df2b1bc91d9022
0003,45_90,uav_esp,data/crossgeo-paper85/scenes/0003/uav/esp/0003_45_90.esp,605400,a710d40c081196585afa22545807b05246a9fcb7f338147437fdbe7c6a2f6df1
0003,45_90,uav_reconstruction_xml,data/crossgeo-paper85/scenes/0003/uav/reconstruction_xml/0003_45_90.xml,658623,45ca4cd9940ac9876f4f73065ccef7ead363212e9b2f55f3794557db50cc788a
0003,70_30,uav_esp,data/crossgeo-paper85/scenes/0003/uav/esp/0003_70_30.esp,605799,9433da7e4ba3bf44adf963067d086dc4fb5471bebb8eb457b744aad7f1213b4d
0003,70_30,uav_reconstruction_xml,data/crossgeo-paper85/scenes/0003/uav/reconstruction_xml/0003_70_30.xml,645617,65a81c2c2bc38e6c3d87f4f3007a248e3e749d7678ba107fb85095882751724c
0003,,ground_panoids,scenes/0003/ground/panoids.json,179111,ed7240ea2bc9526b673f5f429f8014b94c82f8abbba00d3696e7a30102dc1ddf
0004,100_30,uav_esp,data/crossgeo-paper85/scenes/0004/uav/esp/0004_100_30.esp,605845,191975147e24980cc7f114638e388dbe8c83e44e7bdcdc561427136bee10628f
0004,100_30,uav_reconstruction_xml,data/crossgeo-paper85/scenes/0004/uav/reconstruction_xml/0004_100_30.xml,659251,9b7789c164ba0315f9a6e04d2ea3a2313bfb22fc9f124f6e3eb2a8124c488710
0004,45_30,uav_esp,data/crossgeo-paper85/scenes/0004/uav/esp/0004_45_30.esp,605702,1c6459c51a9a725a08a0c7df872366ef150478826ea615c527d821bc1e451848
0004,45_30,uav_reconstruction_xml,data/crossgeo-paper85/scenes/0004/uav/reconstruction_xml/0004_45_30.xml,630193,21462c6b188b6a9dce5017276cbc93a44a31edbbc01de8aa9df6469f6b6acaa1
0004,45_60,uav_esp,data/crossgeo-paper85/scenes/0004/uav/esp/0004_45_60.esp,605379,c87d0b8e606a5a3a89dc13c0b8de28e436017de9120088eb798446c58bc7db1a
0004,45_60,uav_reconstruction_xml,data/crossgeo-paper85/scenes/0004/uav/reconstruction_xml/0004_45_60.xml,640384,f1e16286addf5adf5ff117beb39fbb20d956dc31a6a0c5560e196f0d0fb0109e
0004,45_90,uav_esp,data/crossgeo-paper85/scenes/0004/uav/esp/0004_45_90.esp,605314,424e55867471bd5f1fd6b17bb8a7c627a43bc76ee608bce41fa985a4b419e499
0004,45_90,uav_reconstruction_xml,data/crossgeo-paper85/scenes/0004/uav/reconstruction_xml/0004_45_90.xml,653945,cb547487993b32bc13ad3e6f0136f8a685a5d0bedef20cf5dd78c6aa46c3ec4c
0004,70_30,uav_esp,data/crossgeo-paper85/scenes/0004/uav/esp/0004_70_30.esp,605720,7fa06e36d3b8018b2e5d9f5353363931584e692910c72bd2d0f776db94d0fa8c
0004,70_30,uav_reconstruction_xml,data/crossgeo-paper85/scenes/0004/uav/reconstruction_xml/0004_70_30.xml,652341,5990d5f3900e4a733b69938a80dd3e9b88fe6fef0ea3d14688b588b2a798f154
0004,,ground_panoids,scenes/0004/ground/panoids.json,299428,a71b0749b8b20bd2f839e08aae69995506e261e04d1ec912eda4ff6439c71381
0005,100_30,uav_esp,data/crossgeo-paper85/scenes/0005/uav/esp/0005_100_30.esp,605815,cb285aa87db32470a890453ae9c7ad24549ecaeecbab33de374bae0667746207
0005,100_30,uav_reconstruction_xml,data/crossgeo-paper85/scenes/0005/uav/reconstruction_xml/0005_100_30.xml,659094,948fefd9e0dbabb32f5620dc73a578965da316fb077b26ccb625fdfb7cbdb964
0005,45_30,uav_esp,data/crossgeo-paper85/scenes/0005/uav/esp/0005_45_30.esp,605762,5e41526c8c870d1e20fdc7e0a046285eb7eac99ae3056e28b594962619c2b6b2
0005,45_30,uav_reconstruction_xml,data/crossgeo-paper85/scenes/0005/uav/reconstruction_xml/0005_45_30.xml,629038,b7b28bd09c9ffb676da611530ad9de4b43c0238118031757bb0db2938f6c1c15
0005,45_60,uav_esp,data/crossgeo-paper85/scenes/0005/uav/esp/0005_45_60.esp,605439,f4260d3423fe01da22d949469b8c9f165e968c302a36dd89b35319c59454ae9e
0005,45_60,uav_reconstruction_xml,data/crossgeo-paper85/scenes/0005/uav/reconstruction_xml/0005_45_60.xml,643688,4527c0f1148313e4e60f52e6723b2b795cb0665c86b940ae1abcfc6f9dbb82ff
0005,45_90,uav_esp,data/crossgeo-paper85/scenes/0005/uav/esp/0005_45_90.esp,605374,68cde3f89cf52274e0041adae4a7032f8d29c7e7a891b5ec6cb7ec7f5f1b18e1
0005,45_90,uav_reconstruction_xml,data/crossgeo-paper85/scenes/0005/uav/reconstruction_xml/0005_45_90.xml,652891,0532c5015f2bedee6ed6a99376cc561c50c2cb7701267bcadb5cc1b645c1dd41
0005,70_30,uav_esp,data/crossgeo-paper85/scenes/0005/uav/esp/0005_70_30.esp,605758,219a8f9c7ea225f52b9f8ae65fd7f1d20841bf1d0a01fbe009a0de52635f8ed1
0005,70_30,uav_reconstruction_xml,data/crossgeo-paper85/scenes/0005/uav/reconstruction_xml/0005_70_30.xml,672320,0b14257a3e6da9b13772241b5b20dcd4602591fdcf5549e070820d0db892b491
0005,,ground_panoids,scenes/0005/ground/panoids.json,31573,59df5c154bf8c51da77c6f5a12d9fbdb5261482fead0ef9952bb20a31b48cd03
0007,100_30,uav_esp,data/crossgeo-paper85/scenes/0007/uav/esp/0007_100_30.esp,605784,ed80224c6ca580d3e9a5bb767e591f092aefb482d3b9c8f797226cda201cb6c7
0007,100_30,uav_reconstruction_xml,data/crossgeo-paper85/scenes/0007/uav/reconstruction_xml/0007_100_30.xml,652940,7ab3fd2d43c6cac85208e57a3aad02a9bd8070cc26f9801b9765c12a7c7d9979
0007,45_30,uav_esp,data/crossgeo-paper85/scenes/0007/uav/esp/0007_45_30.esp,605773,aefb487132a1fb741a15389fcf0c430666fe0115ce9f0410b62ca3d0d7e1a12a
0007,45_30,uav_reconstruction_xml,data/crossgeo-paper85/scenes/0007/uav/reconstruction_xml/0007_45_30.xml,632435,fe9574497110561591f9367e84290bc1f51637f1edae047c5d2a19a24bda405a
0007,45_60,uav_esp,data/crossgeo-paper85/scenes/0007/uav/esp/0007_45_60.esp,605450,def199057c7cc6105666e3fffbc591c6eefc14f0df08ff3c62e6d6e982dd0330
0007,45_60,uav_reconstruction_xml,data/crossgeo-paper85/scenes/0007/uav/reconstruction_xml/0007_45_60.xml,639757,69e09111159b627369fc693d7591ef83e8804087962bbebe630d79d7948d760f
0007,45_90,uav_esp,data/crossgeo-paper85/scenes/0007/uav/esp/0007_45_90.esp,605385,b472685e2a5f8172ae3e0cd4ea66ee984182c239dd3e186b1cafefb96f2c7dd4
0007,45_90,uav_reconstruction_xml,data/crossgeo-paper85/scenes/0007/uav/reconstruction_xml/0007_45_90.xml,650238,9844bc86e31799e30f7511f6048a6378ed859225a7dcdece47a277852dca2523
0007,70_30,uav_esp,data/crossgeo-paper85/scenes/0007/uav/esp/0007_70_30.esp,605790,36284ca406833eba692c6d2b0cd2ad6daae15850103c7c7e3e5ed0277d37e9b2
0007,70_30,uav_reconstruction_xml,data/crossgeo-paper85/scenes/0007/uav/reconstruction_xml/0007_70_30.xml,648100,db03359c533ecc7d1c12bca1116b5bd043b23414970c2110904fa1e28b2722f1
0007,,ground_panoids,scenes/0007/ground/panoids.json,126014,04cb65f606ca0f00b591f351670528b23b08975d86f58b4d4a5f8a3908664c4c
0008,100_30,uav_esp,data/crossgeo-paper85/scenes/0008/uav/esp/0008_100_30.esp,605677,8be0eb770a1b8e7aef05bdf238c4113c0e6dafab2d6be15640e60de2a8c6e1cc
0008,100_30,uav_reconstruction_xml,data/crossgeo-paper85/scenes/0008/uav/reconstruction_xml/0008_100_30.xml,654482,8b056671a3ec05823734b44876224dfc0f33d181588577cf763cbaa2f289abe7
0008,45_30,uav_esp,data/crossgeo-paper85/scenes/0008/uav/esp/0008_45_30.esp,605709,7f906d66ab7e69f4b061cd20afb0a7a2aaff4bf69755a225b9e563c42ff76058
0008,45_30,uav_reconstruction_xml,data/crossgeo-paper85/scenes/0008/uav/reconstruction_xml/0008_45_30.xml,634888,0dede49c012cec3fa55eb90ed1fd671bbf663b7044ea721d9aaf0c9ce953581b
0008,45_60,uav_esp,data/crossgeo-paper85/scenes/0008/uav/esp/0008_45_60.esp,605386,5a472394cfa6619e60fb810cdefb52381d885a353aacb3031a950de856c9cf3c
0008,45_60,uav_reconstruction_xml,data/crossgeo-paper85/scenes/0008/uav/reconstruction_xml/0008_45_60.xml,640632,bcaa90d3f7d1a43d05cd50160b9008a6cfdc91e8e83f23b6d4bb703b5de1e8e3
0008,45_90,uav_esp,data/crossgeo-paper85/scenes/0008/uav/esp/0008_45_90.esp,605321,03072cdf794d28d7f6b878495f5defbe4e7ae831ec3f02c79ecd5f9fe29f8137
0008,45_90,uav_reconstruction_xml,data/crossgeo-paper85/scenes/0008/uav/reconstruction_xml/0008_45_90.xml,600972,48d52813f502d550ef3cdeee7da31cafcdc486cd0d59a0a3000a13756069d93d
0008,70_30,uav_esp,data/crossgeo-paper85/scenes/0008/uav/esp/0008_70_30.esp,605703,7a6063912ae3cb05667d6ed718791c3af92a4876a514b300aff7713205abd5d4
0008,70_30,uav_reconstruction_xml,data/crossgeo-paper85/scenes/0008/uav/reconstruction_xml/0008_70_30.xml,651954,f7782c1e09dc6382cd028275c4f8b51ce7a87e5d707101d1df33c890f848b9e7
0008,,ground_panoids,scenes/0008/ground/panoids.json,117495,c509a1170325e5690f56cec05e51224a6255737789991969f4f4f3090107cf3f
0012,100_30,uav_esp,data/crossgeo-paper85/scenes/0012/uav/esp/0012_100_30.esp,606214,0d9b5ca321389ed3bc1c3cef5fb1ccda038257b6e6cae4926638cc459c977d54
0012,100_30,uav_reconstruction_xml,data/crossgeo-paper85/scenes/0012/uav/reconstruction_xml/0012_100_30.xml,658656,5198bbd0649ab7ba8045802aac341c8b486b408f03a5d2df4274e979a3448a9f
0012,45_30,uav_esp,data/crossgeo-paper85/scenes/0012/uav/esp/0012_45_30.esp,605766,cee63eab284565156ec98b943a0df14c42597d259aae72b226df82a7368984b8
0012,45_30,uav_reconstruction_xml,data/crossgeo-paper85/scenes/0012/uav/reconstruction_xml/0012_45_30.xml,640310,da1e998cfdaeabe7e32235ca799e44b57f1c09b439e280f795fc889050063bff
0012,45_60,uav_esp,data/crossgeo-paper85/scenes/0012/uav/esp/0012_45_60.esp,605443,9b7198d13cd5ebccb3331177aa6499869a8c4fb2e5921c7df3af3d9c7ba543b5
0012,45_60,uav_reconstruction_xml,data/crossgeo-paper85/scenes/0012/uav/reconstruction_xml/0012_45_60.xml,645218,1dc427ea17bfef9374b039b382986909d0670f15e972249f3c29ecb1ea3617c5
0012,45_90,uav_esp,data/crossgeo-paper85/scenes/0012/uav/esp/0012_45_90.esp,605378,bf1b8d0e277ab607a8c0df5ee94087d6fd8fae3fa854a7ef13789dc53d64ec31
0012,45_90,uav_reconstruction_xml,data/crossgeo-paper85/scenes/0012/uav/reconstruction_xml/0012_45_90.xml,655527,cd9b3b69ff8f0f67f00265c242bf8d0cfd2a11e7e69ee9f81496f126b1927f23
0012,70_30,uav_esp,data/crossgeo-paper85/scenes/0012/uav/esp/0012_70_30.esp,605748,a9267605c76450e4239cd1de2152acdda29b20c2f0f2346b28681fc0dda18e12
0012,70_30,uav_reconstruction_xml,data/crossgeo-paper85/scenes/0012/uav/reconstruction_xml/0012_70_30.xml,657737,f5ea270be9de666f1a493ec4692d922597f96645ea1298e3d03456b8c45f4080
0012,,ground_panoids,scenes/0012/ground/panoids.json,102759,ed35c632dca2922ae16be000d80273870bff669355ed3d7705021f0709e65edc
0013,100_30,uav_esp,data/crossgeo-paper85/scenes/0013/uav/esp/0013_100_30.esp,606303,d978509ad6fef015c62b3dd177dd692f4418d9c6e0746e95bc807cee59950ea0
0013,100_30,uav_reconstruction_xml,data/crossgeo-paper85/scenes/0013/uav/reconstruction_xml/0013_100_30.xml,658109,d83d6a4997eec275b1b7d646838c2a76d7ad59868ba47b53bae536764c345bdc
0013,45_30,uav_esp,data/crossgeo-paper85/scenes/0013/uav/esp/0013_45_30.esp,606332,a2d523e2331c4f6f1630df4bbef1c432670c6728b56eae762fbeea86e9ca219e
0013,45_30,uav_reconstruction_xml,data/crossgeo-paper85/scenes/0013/uav/reconstruction_xml/0013_45_30.xml,654686,fedee0fe83bb825e2f8429aba7c8e66d090c3ec638c639ccc48a5ebda9044c37
0013,45_60,uav_esp,data/crossgeo-paper85/scenes/0013/uav/esp/0013_45_60.esp,606009,86706f96cbf117740fe7668bb305f8974dd036af3dfa9a7aad4947b46ba67174
0013,45_60,uav_reconstruction_xml,data/crossgeo-paper85/scenes/0013/uav/reconstruction_xml/0013_45_60.xml,643749,5f63125cecc3957b8304d3dc70b06ed91faa77d44510be170afe199b2c70be92
0013,45_90,uav_esp,data/crossgeo-paper85/scenes/0013/uav/esp/0013_45_90.esp,605944,84a1c14107bf2a0bd2f11defa3da7a328cf1f0273e56c0d4f361e964f31e201f
0013,45_90,uav_reconstruction_xml,data/crossgeo-paper85/scenes/0013/uav/reconstruction_xml/0013_45_90.xml,530456,a793baf9ae48f7b3c7d16dd3fbd0c5498101e7394642a2c71d6464831ba8dc04
0013,70_30,uav_esp,data/crossgeo-paper85/scenes/0013/uav/esp/0013_70_30.esp,606336,d7a79cbfc14318d90af95b0861afbcb02fb857abd0bffd004e3b7aa6ac055a05
0013,70_30,uav_reconstruction_xml,data/crossgeo-paper85/scenes/0013/uav/reconstruction_xml/0013_70_30.xml,658047,1b12b36c72867546b7b3b60cb89ddd10be92656d117a7396c8460d24938e873e
0013,,ground_panoids,scenes/0013/ground/panoids.json,186532,b52f0a9275043aa4fe3b04b49f66bf97c13a17b3c72fac2445be15687060fbce
0015,100_30,uav_esp,data/crossgeo-paper85/scenes/0015/uav/esp/0015_100_30.esp,605491,7294616874c2fe6e2672fcb0970fe26eaf61df2461464c7717a759fbfbfe2b21
0015,100_30,uav_reconstruction_xml,data/crossgeo-paper85/scenes/0015/uav/reconstruction_xml/0015_100_30.xml,644233,b9037d91a8c21c2fc962cd2bd13a3441a7ed8a51778a6f273304106e9c3837b8
0015,45_30,uav_esp,data/crossgeo-paper85/scenes/0015/uav/esp/0015_45_30.esp,605489,ba8bcf8b32b657d251cfbde234589e18b1a7aad2889d04052f46f97b1a90238c
0015,45_30,uav_reconstruction_xml,data/crossgeo-paper85/scenes/0015/uav/reconstruction_xml/0015_45_30.xml,535444,3681f98489aaccfcb791c76439b2ca85b3a63499b5c47914c12d7495b863ea72
0015,45_60,uav_esp,data/crossgeo-paper85/scenes/0015/uav/esp/0015_45_60.esp,605166,adc3ebf98541b2fe40dfe51b2bc85bbcd64bc04605a55fd11794aab783ddbd7c
0015,45_60,uav_reconstruction_xml,data/crossgeo-paper85/scenes/0015/uav/reconstruction_xml/0015_45_60.xml,613383,ef77b37571e90144a4738a8a55dbb37266e7ee9150b68c3921ca30521a8f35fe
0015,45_90,uav_esp,data/crossgeo-paper85/scenes/0015/uav/esp/0015_45_90.esp,605101,1d29a6bb68f7470e4280ad39543e8dbc466c1787a0ea2b6bcaf89af7fe85daf9
0015,45_90,uav_reconstruction_xml,data/crossgeo-paper85/scenes/0015/uav/reconstruction_xml/0015_45_90.xml,651301,d8dfc915ee95128e6a15ab0bf2980b8b1e3661a1c4544c7086ebfedfb8fdd80a
0015,70_30,uav_esp,data/crossgeo-paper85/scenes/0015/uav/esp/0015_70_30.esp,605480,424776171e3bced40238fb0dd0141964a5e6cf490db705f304969ae45c0a31f6
0015,70_30,uav_reconstruction_xml,data/crossgeo-paper85/scenes/0015/uav/reconstruction_xml/0015_70_30.xml,630884,72ae383973a3ab13ff97538120dfe55a91219b97bb1b2a772735610696812aec
0015,,ground_panoids,scenes/0015/ground/panoids.json,17614,8fba746e17900a92c0c3e92b3343cb7b59496c5260bb3567b763ba26772cee4a
0016,100_30,uav_esp,data/crossgeo-paper85/scenes/0016/uav/esp/0016_100_30.esp,606029,7179c2f11144375c5387f45f5b15f0e07b51d16883fe2c6d71f79c036210fe48
0016,100_30,uav_reconstruction_xml,data/crossgeo-paper85/scenes/0016/uav/reconstruction_xml/0016_100_30.xml,659796,6d2caec9b8413a65bdcd39c75d341230bbcd9f06e168227dfa71d11e73512252
0016,45_30,uav_esp,data/crossgeo-paper85/scenes/0016/uav/esp/0016_45_30.esp,606027,612e77d9788a93b356744a4509b1c45c7fa164e439ab4a69d32647665ce42a5c
0016,45_30,uav_reconstruction_xml,data/crossgeo-paper85/scenes/0016/uav/reconstruction_xml/0016_45_30.xml,629456,d85818da0a11bcd49608ebda6c650e589d519009bc7c98582bfa742086aa1e21
0016,45_60,uav_esp,data/crossgeo-paper85/scenes/0016/uav/esp/0016_45_60.esp,605704,24972c6fae6621aa24231219a449758f665f51c051926fedf727bc9f4fe1cafa
0016,45_60,uav_reconstruction_xml,data/crossgeo-paper85/scenes/0016/uav/reconstruction_xml/0016_45_60.xml,643972,6b7a1a778bf464bde6f25be3c8dc2d3af950fa794726ab0cad2f768b485fed60
0016,45_90,uav_esp,data/crossgeo-paper85/scenes/0016/uav/esp/0016_45_90.esp,605639,96013f8635e5e2624b2256b7b89ca8e439127b846437c0c13030c78666913ed2
0016,45_90,uav_reconstruction_xml,data/crossgeo-paper85/scenes/0016/uav/reconstruction_xml/0016_45_90.xml,625240,a5aea07ff4d6921ab5bd6e206f1a6bde7f82364f6153c8fc4590c89f63a0b7b6
0016,70_30,uav_esp,data/crossgeo-paper85/scenes/0016/uav/esp/0016_70_30.esp,606018,26b42fef4f0a8249289e7704c1e68f5b146526fcff166941898bfed7049334be
0016,70_30,uav_reconstruction_xml,data/crossgeo-paper85/scenes/0016/uav/reconstruction_xml/0016_70_30.xml,659066,cd7924f35f62fc03cf61e1dbfb5de10daef484c89182750a4ddfc194dec22e19
0016,,ground_panoids,scenes/0016/ground/panoids.json,55133,f6de754cb32091f5dc5ea28e5a173982cc905299e80d8c6495f523bfa0d58013
0017,100_30,uav_esp,data/crossgeo-paper85/scenes/0017/uav/esp/0017_100_30.esp,605894,7a66361f630dae18a356d02984ef6f5d4f430253a433d35278ddc7bf2a4e4d9a
0017,100_30,uav_reconstruction_xml,data/crossgeo-paper85/scenes/0017/uav/reconstruction_xml/0017_100_30.xml,660338,599e9bd03db2d5cfaed3bd0f06c676a174d1faf1951526920a540560b7f78f33
0017,45_30,uav_esp,data/crossgeo-paper85/scenes/0017/uav/esp/0017_45_30.esp,605886,f917d55e74733d4f6fe1aa15d9ac635a33f605946d70c5751ed4a692b36481ba
0017,45_30,uav_reconstruction_xml,data/crossgeo-paper85/scenes/0017/uav/reconstruction_xml/0017_45_30.xml,646009,a58190d6b1adef595e2ed28c7117ad66e55129e50cf5806ebba0a40ee75c3718
0017,45_60,uav_esp,data/crossgeo-paper85/scenes/0017/uav/esp/0017_45_60.esp,605563,f8fb7b5ddccdf3ba00e87c14aa8141f8cf63ead710bdb2ab9c3fd0ca37edb76d
0017,45_60,uav_reconstruction_xml,data/crossgeo-paper85/scenes/0017/uav/reconstruction_xml/0017_45_60.xml,657130,811a6364fa8d1f646b4ffbd2da1939f03ae452208d66b30299cfbc91012a0199
0017,45_90,uav_esp,data/crossgeo-paper85/scenes/0017/uav/esp/0017_45_90.esp,605498,65ee0a38263220d056e21eb50362552de9350ca60eb1788da5558d0cf8b3cf8b
0017,45_90,uav_reconstruction_xml,data/crossgeo-paper85/scenes/0017/uav/reconstruction_xml/0017_45_90.xml,617643,2f907ed76f67d1ed901de5b684b22e5a6731b4e9c53e9ee788f328602acf2454
0017,70_30,uav_esp,data/crossgeo-paper85/scenes/0017/uav/esp/0017_70_30.esp,605897,0b5f8554f43496c3417f54815cdcbabd0f898cb3894e642957dfc525ab0a929c
0017,70_30,uav_reconstruction_xml,data/crossgeo-paper85/scenes/0017/uav/reconstruction_xml/0017_70_30.xml,660210,1964edd018a0da36e38a5695e65e9815f82e0ac367fa8ee273707ad015e822b6
0017,,ground_panoids,scenes/0017/ground/panoids.json,67873,d6887d8112091c047953fea43fabf22416b18f4dbd4149794783088196e2d954
0022,100_30,uav_esp,data/crossgeo-paper85/scenes/0022/uav/esp/0022_100_30.esp,605628,f6438870a6f1b570b9e2ce2c207b8b7aa98fef1345437e90dacecba9edbbd1c7
0022,100_30,uav_reconstruction_xml,data/crossgeo-paper85/scenes/0022/uav/reconstruction_xml/0022_100_30.xml,659107,d327a1c3ca75a067a24a8aedcf09d77af2850e715cca22bbd940738ab14693a6
0022,45_30,uav_esp,data/crossgeo-paper85/scenes/0022/uav/esp/0022_45_30.esp,605485,7293c2cb3fa11e06d9f447571ac8a1f0c52654eb31a1c0f9a3e7702ab539a632
0022,45_30,uav_reconstruction_xml,data/crossgeo-paper85/scenes/0022/uav/reconstruction_xml/0022_45_30.xml,639862,52e132b58f05944dcd8ee7dbbf5323862879ca6123edef22d2c2672ad868efc8
0022,45_60,uav_esp,data/crossgeo-paper85/scenes/0022/uav/esp/0022_45_60.esp,605162,65fb39b1c65fc42d14283ac1392ef2191b5bbe577087f9d12b2c9b75e1a66607
0022,45_60,uav_reconstruction_xml,data/crossgeo-paper85/scenes/0022/uav/reconstruction_xml/0022_45_60.xml,651795,991edbc28a3145c06b6aa1a949fb219062c7d1df66277f7203d9754a773e3c4a
0022,45_90,uav_esp,data/crossgeo-paper85/scenes/0022/uav/esp/0022_45_90.esp,605097,c688ed9f45ac99b1a9b3adbd97774b6324d60e305be4650a3a4f1b0581999100
0022,45_90,uav_reconstruction_xml,data/crossgeo-paper85/scenes/0022/uav/reconstruction_xml/0022_45_90.xml,504096,276853a1befcb4ec22104611ca738e8530794e7faf3f94a506379f98226849b4
0022,70_30,uav_esp,data/crossgeo-paper85/scenes/0022/uav/esp/0022_70_30.esp,605503,82abdb9230929f9994d3270aa0b44818f8f5d77f431e7508258f22da3cc3c9f0
0022,70_30,uav_reconstruction_xml,data/crossgeo-paper85/scenes/0022/uav/reconstruction_xml/0022_70_30.xml,659882,37edaf49e006293de0ad661cff3733e61b5ffdaf1992c724d439bc75144e4019
0022,,ground_panoids,scenes/0022/ground/panoids.json,47307,5aa9b9a63d2f6f1cbfa7875d194861fe9123bbcd448210b44f2088905095c5cc
0023,100_30,uav_esp,data/crossgeo-paper85/scenes/0023/uav/esp/0023_100_30.esp,605630,bd88a4cd287b73304d164866e5e378f9402bb2d817f5216b1a3ca2a47d7a627a
0023,100_30,uav_reconstruction_xml,data/crossgeo-paper85/scenes/0023/uav/reconstruction_xml/0023_100_30.xml,659247,47414421e8fe259e692c44a5e8ed8d5591f3409cee70861e74109ca18d9421cd
0023,45_30,uav_esp,data/crossgeo-paper85/scenes/0023/uav/esp/0023_45_30.esp,605636,be59019f2979efe55c0e320a201b5ff7e3842c256f9782d56bb1c56337de5840
0023,45_30,uav_reconstruction_xml,data/crossgeo-paper85/scenes/0023/uav/reconstruction_xml/0023_45_30.xml,625684,92a5247e2216b589ccacb4c9341b8c04aee466a8a4747dc47e5601528622f403
0023,45_60,uav_esp,data/crossgeo-paper85/scenes/0023/uav/esp/0023_45_60.esp,605313,b65ec521f140695810e8ae39a6da524f4959bc17898eee32ce80711a20f7b6c4
0023,45_60,uav_reconstruction_xml,data/crossgeo-paper85/scenes/0023/uav/reconstruction_xml/0023_45_60.xml,633886,26bbfb13b9a3d5efd8e4631e6a4f8db4b5957530cd17cd0d6596e2d17e0c8a93
0023,45_90,uav_esp,data/crossgeo-paper85/scenes/0023/uav/esp/0023_45_90.esp,605248,cfb3a50a0bfb4f90c9b907be06b40e0bc252ce326bc319c169439ce7e3932cd2
0023,45_90,uav_reconstruction_xml,data/crossgeo-paper85/scenes/0023/uav/reconstruction_xml/0023_45_90.xml,658604,0e2ef8479fcde516db96b8b5b22b06516c8adc8adeec72029800da75ef85866f
0023,70_30,uav_esp,data/crossgeo-paper85/scenes/0023/uav/esp/0023_70_30.esp,605640,29d8c87a2c236e2395b7c4ebb1e2bcefa5f406fad98ae5a2c9de8a7ccd83fc28
0023,70_30,uav_reconstruction_xml,data/crossgeo-paper85/scenes/0023/uav/reconstruction_xml/0023_70_30.xml,659547,41485de81cfaa198f07b092a29cc422194c296e99024a2aff0dc53119362a240
0023,,ground_panoids,scenes/0023/ground/panoids.json,38671,624c9ea1eea01bcd3a5a98b12beb63003c9a02a620bbf1f165d94c527810d529
0025,100_30,uav_esp,data/crossgeo-paper85/scenes/0025/uav/esp/0025_100_30.esp,605965,74d9f3a9cf9c9840b1e468b70e2be00a4425e934c4944e11ed58111c53a6f3a3
0025,100_30,uav_reconstruction_xml,data/crossgeo-paper85/scenes/0025/uav/reconstruction_xml/0025_100_30.xml,662181,6f4453f65c3269a7da5eb540629fd5ea3673c9c60ec308e3358d55aa10edfa7f
0025,45_30,uav_esp,data/crossgeo-paper85/scenes/0025/uav/esp/0025_45_30.esp,605967,14f91e4c981bb8a8d2cabcbf7e14c1f329157184493611d8acde595b45792b91
0025,45_30,uav_reconstruction_xml,data/crossgeo-paper85/scenes/0025/uav/reconstruction_xml/0025_45_30.xml,659768,b9d8c28d816c01e2681cfcac57507f133ab838929d49565064ca66b1cf5c9b71
0025,45_60,uav_esp,data/crossgeo-paper85/scenes/0025/uav/esp/0025_45_60.esp,605644,3385bf5bc9450e3b8215c671c892971cefb62b592a58de855d971c1d603b2608
0025,45_60,uav_reconstruction_xml,data/crossgeo-paper85/scenes/0025/uav/reconstruction_xml/0025_45_60.xml,658825,29a7f021227c5f71f6505d572af0a6b4816b8f710364ad099324debcbb6415d2
0025,45_90,uav_esp,data/crossgeo-paper85/scenes/0025/uav/esp/0025_45_90.esp,605579,b3905934a6148e1288bfc4138a911fe615c01ab83f38e6d27839c68106b1023b
0025,45_90,uav_reconstruction_xml,data/crossgeo-paper85/scenes/0025/uav/reconstruction_xml/0025_45_90.xml,660302,3bcd1530be78cc96716c6fcd3105dfd8211e69b0f26538b1cc575ae0fbedcd4b
0025,70_30,uav_esp,data/crossgeo-paper85/scenes/0025/uav/esp/0025_70_30.esp,605994,1a19e42d3b100c6b4d32372841f60b2ece404649a4d9e10c81c8905ec246952e
0025,70_30,uav_reconstruction_xml,data/crossgeo-paper85/scenes/0025/uav/reconstruction_xml/0025_70_30.xml,662188,c81711dc5b962d764d8fb440b9afbd32386e237217d9b398949e66c48e087ae6
0025,,ground_panoids,scenes/0025/ground/panoids.json,58259,9b103783805b37322b741d947467d965e138aeaa7d0f41dc16e7572e5ccf5c4a
0027,100_30,uav_esp,data/crossgeo-paper85/scenes/0027/uav/esp/0027_100_30.esp,605763,ec5f391847f6c75202e02583425dacfd4f96eaf9691d8756bb6a02df2adca8bb
0027,100_30,uav_reconstruction_xml,data/crossgeo-paper85/scenes/0027/uav/reconstruction_xml/0027_100_30.xml,658451,6fb72064618067b2ff7610e9ee04b6f98b3d224d8783475a273f48e3820d8c74
0027,45_30,uav_esp,data/crossgeo-paper85/scenes/0027/uav/esp/0027_45_30.esp,605742,ef277d0bcbdbd232d083e9514a8e7e4fada1e381d16fda39e31385a0abac264d
0027,45_30,uav_reconstruction_xml,data/crossgeo-paper85/scenes/0027/uav/reconstruction_xml/0027_45_30.xml,502453,fe03717943f4d89e50c9686114b18800daef3389da65fbc4b1e12a783d3ca886
0027,45_60,uav_esp,data/crossgeo-paper85/scenes/0027/uav/esp/0027_45_60.esp,605419,1003912ee17f596d0b7817f6187ffe48ea1f227d1073f611a404c81a3474c349
0027,45_60,uav_reconstruction_xml,data/crossgeo-paper85/scenes/0027/uav/reconstruction_xml/0027_45_60.xml,647178,c2262beffb3e875fbf73e9ba9324ba28f69e15bd3ed89c826e9569c87ea255a5
0027,45_90,uav_esp,data/crossgeo-paper85/scenes/0027/uav/esp/0027_45_90.esp,605354,29be53cfabf5c20114462fe55bd235f2b859c2914784ac12ad0a6aee80340c09
0027,45_90,uav_reconstruction_xml,data/crossgeo-paper85/scenes/0027/uav/reconstruction_xml/0027_45_90.xml,592134,c4da65d10272c6a3d880e1d43014f299e925ca2208f589b492d8542fa9e28bf3
0027,70_30,uav_esp,data/crossgeo-paper85/scenes/0027/uav/esp/0027_70_30.esp,605780,81c9ad4983d727630eadafb29d2d37dcfde0744f6194546b1da15a0491016e42
0027,70_30,uav_reconstruction_xml,data/crossgeo-paper85/scenes/0027/uav/reconstruction_xml/0027_70_30.xml,658189,c4f898b8d6b94fa6e86983f87f3595ec42a0d77c663a6b0e4b7a53e977e7e5ac
0027,,ground_panoids,scenes/0027/ground/panoids.json,154287,9f413e67516e4ffd4a55f91f0f0926b55a9032a366cb8e1fff807d4f061d9ff4
0032,100_30,uav_esp,data/crossgeo-paper85/scenes/0032/uav/esp/0032_100_30.esp,606006,d33db2bd6d7a2f617e24cc082ac212512259fd0cdd6db3f836010f3bce842e78
0032,100_30,uav_reconstruction_xml,data/crossgeo-paper85/scenes/0032/uav/reconstruction_xml/0032_100_30.xml,545496,f32a79d7c1783ff0d115e8dda848cfefd2378408db7fbe9f51e6b5ad837c5998
0032,45_30,uav_esp,data/crossgeo-paper85/scenes/0032/uav/esp/0032_45_30.esp,605699,57dd3c30a08977027c2b1e24756535525230a8e13c8b4806b20888678f8acb50
0032,45_30,uav_reconstruction_xml,data/crossgeo-paper85/scenes/0032/uav/reconstruction_xml/0032_45_30.xml,599890,fb53f8167d530861e82b12562eaca697d103f3a32ef1bedf6624cc1fb65b28d5
0032,45_60,uav_esp,data/crossgeo-paper85/scenes/0032/uav/esp/0032_45_60.esp,605376,2208f87addc2623407e79233cd065ce9732251e92f11d15d1a79168b082499ae
0032,45_60,uav_reconstruction_xml,data/crossgeo-paper85/scenes/0032/uav/reconstruction_xml/0032_45_60.xml,571651,070802c1be65021fcfdb2bf299054fe09dd5e9941daa005b7fb6243ec07363c7
0032,45_90,uav_esp,data/crossgeo-paper85/scenes/0032/uav/esp/0032_45_90.esp,605311,3898dc8153922b73b1ab37465f7b20b05b3e7c18e4263eb249e4f5dba5441d99
0032,45_90,uav_reconstruction_xml,data/crossgeo-paper85/scenes/0032/uav/reconstruction_xml/0032_45_90.xml,648379,5e64fb67d26c79fda823d518686524cab4ec5c578b42b44af56dbdd2cc99a05d
0032,70_30,uav_esp,data/crossgeo-paper85/scenes/0032/uav/esp/0032_70_30.esp,605709,a862078663095aed6b1500983070c394908cf97300ac81300c464c98db46606c
0032,70_30,uav_reconstruction_xml,data/crossgeo-paper85/scenes/0032/uav/reconstruction_xml/0032_70_30.xml,657210,feaceb7405b7b1436b13261bcc9e49c595733fde1e650b0b7ddd734243448f1c
0032,,ground_panoids,scenes/0032/ground/panoids.json,45236,ea735bbf15dd3a9cc19652110d92c1769b5d5bdc3d091141209f58cb669a22d6
0035,100_30,uav_esp,data/crossgeo-paper85/scenes/0035/uav/esp/0035_100_30.esp,606350,20350773502e2f2c2fa250dbc08dbc0e9f7dae5f1c4243293509844217f2320b
0035,100_30,uav_reconstruction_xml,data/crossgeo-paper85/scenes/0035/uav/reconstruction_xml/0035_100_30.xml,658556,d6b81bc39292dbade2e26d41bbff612234a4d19d117a9ee396816f61fdf33f38
0035,45_30,uav_esp,data/crossgeo-paper85/scenes/0035/uav/esp/0035_45_30.esp,606359,a4182b35bfac860b4e01268e114cf35ddf09ae345ea4e8fb80c2020fa63266d0
0035,45_30,uav_reconstruction_xml,data/crossgeo-paper85/scenes/0035/uav/reconstruction_xml/0035_45_30.xml,633042,e4cc7d3b55dd64c67d87359e6fcda659e56f21e322fb28bd8e7a32819584b0ee
0035,45_60,uav_esp,data/crossgeo-paper85/scenes/0035/uav/esp/0035_45_60.esp,606036,d76a5fb6f71fc853761ff2f8ad5f8d3ebc5c414e8afec9e521e50bd6bb0ac56b
0035,45_60,uav_reconstruction_xml,data/crossgeo-paper85/scenes/0035/uav/reconstruction_xml/0035_45_60.xml,637724,6acf985e276c8e2243c9d0706ffa8b3514d8f614344f074cfb2a8c78fa7f86e2
0035,45_90,uav_esp,data/crossgeo-paper85/scenes/0035/uav/esp/0035_45_90.esp,605971,7eab5664fb74048289556a33ea061f32e3ad642478fb9350be0569184a7cbeb0
0035,45_90,uav_reconstruction_xml,data/crossgeo-paper85/scenes/0035/uav/reconstruction_xml/0035_45_90.xml,644384,631b0157b1e9d2430af0cf3dbd3487caef208a779466a73ae1b36d54b4b2ed0a
0035,70_30,uav_esp,data/crossgeo-paper85/scenes/0035/uav/esp/0035_70_30.esp,606349,9c34bc979d682379cf9556ad768bf7b9572a4e5f48971514371ea1479085f70e
0035,70_30,uav_reconstruction_xml,data/crossgeo-paper85/scenes/0035/uav/reconstruction_xml/0035_70_30.xml,650944,2e32aacfc6ac2bcd01dad5e29dd16baa7146ba1a3f840541315e70130eeeae3d
0035,,ground_panoids,scenes/0035/ground/panoids.json,77927,e01ad5ef6eac8ff6b0b934041bf0d9913f97ef3e8a8e52827668ee9b42c6fb4d
0036,100_30,uav_esp,data/crossgeo-paper85/scenes/0036/uav/esp/0036_100_30.esp,605656,845706d6bb03cb51ca2feea29f17e76f8f37eb5d2b42f9bad590c8601ff628e2
0036,100_30,uav_reconstruction_xml,data/crossgeo-paper85/scenes/0036/uav/reconstruction_xml/0036_100_30.xml,660155,0b9cb5619935d84a34a69eadf09b46a4cb85fb2e087c3c8bc5d32ab121707352
0036,45_30,uav_esp,data/crossgeo-paper85/scenes/0036/uav/esp/0036_45_30.esp,605645,7b24a9a55954db4977cf35b1f4aac0fd7c001ffcaced73a9abda069efb380880
0036,45_30,uav_reconstruction_xml,data/crossgeo-paper85/scenes/0036/uav/reconstruction_xml/0036_45_30.xml,641109,cd6d6a38099111a8106f5af4670ca3708ee773a4f5e9b4434c3f8925381bc647
0036,45_60,uav_esp,data/crossgeo-paper85/scenes/0036/uav/esp/0036_45_60.esp,605322,eb16554bde5415e0149a5e3bc4d18e0bdddb5ec88a897d51b308cd7617c76798
0036,45_60,uav_reconstruction_xml,data/crossgeo-paper85/scenes/0036/uav/reconstruction_xml/0036_45_60.xml,648109,60668caee001f3aef161abde561ffe718550830e5f1bd8624d3bdde7fe6b3710
0036,45_90,uav_esp,data/crossgeo-paper85/scenes/0036/uav/esp/0036_45_90.esp,605257,f0e82a28fa2bf561fe07b3931162be804b47ea9527b15ca4d49f47a065c69a10
0036,45_90,uav_reconstruction_xml,data/crossgeo-paper85/scenes/0036/uav/reconstruction_xml/0036_45_90.xml,630679,6926fa92b0c6719b34a60c53d38c9105ff4142b318aaf50fa778c2d24cc4e98c
0036,70_30,uav_esp,data/crossgeo-paper85/scenes/0036/uav/esp/0036_70_30.esp,605662,2692c921cdbfee058064767ef19519d1709a874563abfca0ec238fd48c5f21b1
0036,70_30,uav_reconstruction_xml,data/crossgeo-paper85/scenes/0036/uav/reconstruction_xml/0036_70_30.xml,659573,ab9149343b0e6af72ee79c859e36ce4d3e221a1e33568358695bcb799307c6d4
0036,,ground_panoids,scenes/0036/ground/panoids.json,85312,4c3fe8f0a8c223b4131c091944e288f14713a6325eed07e95f68ca0c1fcef659
0042,100_30,uav_esp,data/crossgeo-paper85/scenes/0042/uav/esp/0042_100_30.esp,606051,b8456e7ceba17c1be0efe601b446d0fc76931db55630519840c80e0324ed327b
0042,100_30,uav_reconstruction_xml,data/crossgeo-paper85/scenes/0042/uav/reconstruction_xml/0042_100_30.xml,660399,1952b245836d23b58e6ab11147fba5aa08dad19ac24dc79b6632f5187f379523
0042,45_30,uav_esp,data/crossgeo-paper85/scenes/0042/uav/esp/0042_45_30.esp,605744,7e873fb21f42cad396827569c6e8595087be9a7ca6144818925c4a72d0f80da3
0042,45_30,uav_reconstruction_xml,data/crossgeo-paper85/scenes/0042/uav/reconstruction_xml/0042_45_30.xml,525677,2fe530befea019dfc4aee455fdf2e95607ea36cfa33096f5385efd8876f15f98
0042,45_60,uav_esp,data/crossgeo-paper85/scenes/0042/uav/esp/0042_45_60.esp,605421,6088e286a398910b5d9059fa15fc6fc6529003cbe2180dbf54cc2fbd1df2d751
0042,45_60,uav_reconstruction_xml,data/crossgeo-paper85/scenes/0042/uav/reconstruction_xml/0042_45_60.xml,635444,fd43be771f768d2a6bd510f9030c722d7492c9c50d30a41b95553c899b3f333d
0042,45_90,uav_esp,data/crossgeo-paper85/scenes/0042/uav/esp/0042_45_90.esp,605356,cc116b8ae2eeb20f77d0d35c4a22e6212fd60f2a6fcc39f69271799e635dbe74
0042,45_90,uav_reconstruction_xml,data/crossgeo-paper85/scenes/0042/uav/reconstruction_xml/0042_45_90.xml,578976,9c9685984ace6d460394f0a71e9a26a8f88e96cc0590c9ec803fc9d4b9ae8037
0042,70_30,uav_esp,data/crossgeo-paper85/scenes/0042/uav/esp/0042_70_30.esp,605754,54f241ac4a989677e84ff9b76100e59dfc65bdd6a9d424d023aa127b5cf5078d
0042,70_30,uav_reconstruction_xml,data/crossgeo-paper85/scenes/0042/uav/reconstruction_xml/0042_70_30.xml,655132,a185b43ce534a9021961cb9d374c0b493eb03b71668760db23152b4e7a779696
0042,,ground_panoids,scenes/0042/ground/panoids.json,202444,c1e5f97fbece52158dd1d5fa1054fbfd6ca17fb1854f38395915c601494d2929
0056,100_30,uav_esp,data/crossgeo-paper85/scenes/0056/uav/esp/0056_100_30.esp,605606,6a7ef66081f8586d38d8eb72baa169615d8fe5767e8234a931bbf773d1cd0727
0056,100_30,uav_reconstruction_xml,data/crossgeo-paper85/scenes/0056/uav/reconstruction_xml/0056_100_30.xml,659851,8facb69a4e74d7d80b8238f7a954774b93e309c12c96c1c7c493f5f95660fb53
0056,45_30,uav_esp,data/crossgeo-paper85/scenes/0056/uav/esp/0056_45_30.esp,605661,2312665930a37a34abab32dc7829a4c1940de47adfdf8f444ffaca6e47aefba3
0056,45_30,uav_reconstruction_xml,data/crossgeo-paper85/scenes/0056/uav/reconstruction_xml/0056_45_30.xml,643517,b37a562f475b373c7f0955c24b725458d1948a93329057fca0e4b23bc17635b5
0056,45_60,uav_esp,data/crossgeo-paper85/scenes/0056/uav/esp/0056_45_60.esp,605338,35773fddb030aa530b5b3abb55bb442b26e8691a960eba711f28eceb0c6a037f
0056,45_60,uav_reconstruction_xml,data/crossgeo-paper85/scenes/0056/uav/reconstruction_xml/0056_45_60.xml,645187,8a596f26782a7ef48dfad68a55723a996dd3280db79ca21b3c9622e23aa7e2df
0056,45_90,uav_esp,data/crossgeo-paper85/scenes/0056/uav/esp/0056_45_90.esp,605273,d6f0b04c1d8fe23afe87b9ca911aaeba14c18256fa4a560fa2f76fe6842a3978
0056,45_90,uav_reconstruction_xml,data/crossgeo-paper85/scenes/0056/uav/reconstruction_xml/0056_45_90.xml,652850,eca463f43023afd168dcba6afb4d2c1f0e8bd6541eaa4b4b0470ac8654fdb09c
0056,70_30,uav_esp,data/crossgeo-paper85/scenes/0056/uav/esp/0056_70_30.esp,605632,be39fdb5ed8038e204d1008b31b02d70e8b5bd6ebad67c6596abe36e4aaf82f3
0056,70_30,uav_reconstruction_xml,data/crossgeo-paper85/scenes/0056/uav/reconstruction_xml/0056_70_30.xml,658832,b5b0044b0fb91371036e2ef924f69b97ecaa11704bde46add813ae46a6fe24bc
0056,,ground_panoids,scenes/0056/ground/panoids.json,24971,1f33d276eaaa6cc61d2be57dd4aa12e3fc7e3c4c5b3d4a04b989599d0ecdd0d7
0057,100_30,uav_esp,data/crossgeo-paper85/scenes/0057/uav/esp/0057_100_30.esp,605674,64b793e822787a757583002e7e4ef8a6a98f8b7f3d28da6a4bd83cd6ac19c7d1
0057,100_30,uav_reconstruction_xml,data/crossgeo-paper85/scenes/0057/uav/reconstruction_xml/0057_100_30.xml,660742,9dbb908148215b4bd61c91a4fb165e815349e04602f564b52e0c45f31d01541b
0057,45_30,uav_esp,data/crossgeo-paper85/scenes/0057/uav/esp/0057_45_30.esp,605687,8c19638ef545be49e2c591c3eebd1ed88b264f14ac2c8bb01d50c50573e95f30
0057,45_30,uav_reconstruction_xml,data/crossgeo-paper85/scenes/0057/uav/reconstruction_xml/0057_45_30.xml,632979,3eef0512272901bdc21078a161f293557a738684624a86c225dd22248809ea05
0057,45_60,uav_esp,data/crossgeo-paper85/scenes/0057/uav/esp/0057_45_60.esp,605364,b05dee2d79528773b1a4428cd4e801ac8ef99befcfad65819b08f35ce944c28e
0057,45_60,uav_reconstruction_xml,data/crossgeo-paper85/scenes/0057/uav/reconstruction_xml/0057_45_60.xml,642977,60f0061f9eedae57a02f5d16036850c82012241af35b827de2a7747bc377eee0
0057,45_90,uav_esp,data/crossgeo-paper85/scenes/0057/uav/esp/0057_45_90.esp,605299,073c16c1c48ea7bb3c5f7e5291cd281513fe526cb9a1bbd328d2b30805b893b5
0057,45_90,uav_reconstruction_xml,data/crossgeo-paper85/scenes/0057/uav/reconstruction_xml/0057_45_90.xml,655890,96a13c8b7dd7fbcbd20660a577e4cc9a30067a6b8bce240f077d0a9b1abc89b9
0057,70_30,uav_esp,data/crossgeo-paper85/scenes/0057/uav/esp/0057_70_30.esp,605689,0bb8f00497c6c88858bbdad7e17b13ae0a0bacdd108331b99502cd4f133b19d5
0057,70_30,uav_reconstruction_xml,data/crossgeo-paper85/scenes/0057/uav/reconstruction_xml/0057_70_30.xml,653929,bbaa976456e2d7bb50bfff950e94f183e979b5045b60da470193ff64f6ed2a70
0057,,ground_panoids,scenes/0057/ground/panoids.json,28260,24886c54988ca94ebd92437147cca5231e5a11d7409e66dd8db9f579da88304d
0058,100_30,uav_esp,data/crossgeo-paper85/scenes/0058/uav/esp/0058_100_30.esp,605620,0c28c0f9f3d1f6d7652ecae936cafda70e3e9facab16aa0c2a33a7986007f957
0058,100_30,uav_reconstruction_xml,data/crossgeo-paper85/scenes/0058/uav/reconstruction_xml/0058_100_30.xml,659184,72c21f848c6b2ff13e2ba3a03c3c78b19fd978c5adb4f28c60831b28313452ef
0058,45_30,uav_esp,data/crossgeo-paper85/scenes/0058/uav/esp/0058_45_30.esp,605477,481744ba6e779fd8c9819e71082d2ef1c85c0b34bf8e2f47c1ee480241317b75
0058,45_30,uav_reconstruction_xml,data/crossgeo-paper85/scenes/0058/uav/reconstruction_xml/0058_45_30.xml,638072,485ca9b2ba5143cc67626e8066e57fa2ef9231939bdd7095cf8b5d32169a80a2
0058,45_60,uav_esp,data/crossgeo-paper85/scenes/0058/uav/esp/0058_45_60.esp,605154,cd8a421bd79db465024152c8c6ebb19deb533b4e966437537b38aded8e94269d
0058,45_60,uav_reconstruction_xml,data/crossgeo-paper85/scenes/0058/uav/reconstruction_xml/0058_45_60.xml,651464,b3e48df51fcdefb1d3cffb691f62643a77496526f9b4c34b6967d2644a71a3d4
0058,45_90,uav_esp,data/crossgeo-paper85/scenes/0058/uav/esp/0058_45_90.esp,605089,e792d44afbebbbc4869a291e2ae70a5eaf0d6ca31df8655d4a466d39db6de97c
0058,45_90,uav_reconstruction_xml,data/crossgeo-paper85/scenes/0058/uav/reconstruction_xml/0058_45_90.xml,526688,b2364cf19c8a79b76f918aede2041e4417240dbde31be59b01b35a8bea019893
0058,70_30,uav_esp,data/crossgeo-paper85/scenes/0058/uav/esp/0058_70_30.esp,605495,f30d7c3bfab116bb26186a9ef0071ea2f558b8aa420a21bc36449198ac2a8bed
0058,70_30,uav_reconstruction_xml,data/crossgeo-paper85/scenes/0058/uav/reconstruction_xml/0058_70_30.xml,658315,be0f89d63bd7c91209f311f1329d156e8a9c901862e2e01cebbc29e019e7d7f7
0058,,ground_panoids,scenes/0058/ground/panoids.json,37365,e1ac2a5c9a3f5d659be5f5a98496d630ccee547003ee1639440b2e804e10b66d
0061,100_30,uav_esp,data/crossgeo-paper85/scenes/0061/uav/esp/0061_100_30.esp,605646,da4dc8545b02ddaa991eb9bd6239bb698214e9cb0751a4e72c3ddb25827d455e
0061,100_30,uav_reconstruction_xml,data/crossgeo-paper85/scenes/0061/uav/reconstruction_xml/0061_100_30.xml,658168,6fce46365549e9934ca8f5669eb6c0418fedb68f2dc812e9d1878bd1ed398e6b
0061,45_30,uav_esp,data/crossgeo-paper85/scenes/0061/uav/esp/0061_45_30.esp,605644,ecc1d968c30208d879f950e059cc93ebf3d419a9e7a9122a0bc358f83eb38f82
0061,45_30,uav_reconstruction_xml,data/crossgeo-paper85/scenes/0061/uav/reconstruction_xml/0061_45_30.xml,628653,a16dc7c9350bf3399598a494f3a425305569a0e9e52bf0dee9034d06d8be9e91
0061,45_60,uav_esp,data/crossgeo-paper85/scenes/0061/uav/esp/0061_45_60.esp,605321,5b18b177005bd7c6dd00e7a3f7adccc6fb6de8c79e3fe57fe33f15f170ba8798
0061,45_60,uav_reconstruction_xml,data/crossgeo-paper85/scenes/0061/uav/reconstruction_xml/0061_45_60.xml,643975,311bbf673fd579dd854344102ec0073edfb82f455beb76503c9cc6ae40384d66
0061,45_90,uav_esp,data/crossgeo-paper85/scenes/0061/uav/esp/0061_45_90.esp,605256,b5afb9b390220f438a9d25c9f2b7e92340d87c6c67171402e743a0664c24f81e
0061,45_90,uav_reconstruction_xml,data/crossgeo-paper85/scenes/0061/uav/reconstruction_xml/0061_45_90.xml,657615,dc7e093659946bd94f246ce0142a6e03f4752e53c5a06e028627635a4f4779dc
0061,70_30,uav_esp,data/crossgeo-paper85/scenes/0061/uav/esp/0061_70_30.esp,605635,84e9e77cf499b76de7817dbbdc6b43294d914acf5deb7198f3683f942144c527
0061,70_30,uav_reconstruction_xml,data/crossgeo-paper85/scenes/0061/uav/reconstruction_xml/0061_70_30.xml,653231,a089bc2b8d55f7654251b204c594063a33daf9f98eab93819d4928ec800bb145
0061,,ground_panoids,scenes/0061/ground/panoids.json,43482,dfcf52102f72189b84f1fe3e1e3e97ef19eea5d2e3f4a4ec88f52ff358ba5d2d
0063,100_30,uav_esp,data/crossgeo-paper85/scenes/0063/uav/esp/0063_100_30.esp,606338,6b5ac57fb21214f47fc4d6643cb06735f5a24ce58aaeac38bd608f0d4b29e9ee
0063,100_30,uav_reconstruction_xml,data/crossgeo-paper85/scenes/0063/uav/reconstruction_xml/0063_100_30.xml,658320,a4af1fd4b46e8642013602634a90a49719722ac0c6f78bd26d3bcd045fe218b2
0063,45_30,uav_esp,data/crossgeo-paper85/scenes/0063/uav/esp/0063_45_30.esp,606367,18924b9796cf9aed9a1e67f2e2c096f52608dbfa2593819b2f394ff54e339c7d
0063,45_30,uav_reconstruction_xml,data/crossgeo-paper85/scenes/0063/uav/reconstruction_xml/0063_45_30.xml,518078,14211649c95b850ad362384c08309dc08211f55df664b987e27c2aebef6ca570
0063,45_60,uav_esp,data/crossgeo-paper85/scenes/0063/uav/esp/0063_45_60.esp,606044,e5317b5024811e2561ea862e3fcc1a4661bdfa3d57584a45738093b86459e2f5
0063,45_60,uav_reconstruction_xml,data/crossgeo-paper85/scenes/0063/uav/reconstruction_xml/0063_45_60.xml,637545,0e9ecd0599cd4f9e6b8759c9661b423180e65713a6a7db78d01affca5e39ff04
0063,45_90,uav_esp,data/crossgeo-paper85/scenes/0063/uav/esp/0063_45_90.esp,605979,696b9e30259d2e71413463d3c07a084ed343fa6a5696c4ff36e6160731d911f9
0063,45_90,uav_reconstruction_xml,data/crossgeo-paper85/scenes/0063/uav/reconstruction_xml/0063_45_90.xml,655272,9bcdc6bf4551d43c13f426bd8447d20b2603c96b5649f652e2606a3308c0e279
0063,70_30,uav_esp,data/crossgeo-paper85/scenes/0063/uav/esp/0063_70_30.esp,606371,884ac70b292f6044354776ef9bd2e1fcc18f715d135d1fd0919cc7889967f390
0063,70_30,uav_reconstruction_xml,data/crossgeo-paper85/scenes/0063/uav/reconstruction_xml/0063_70_30.xml,656655,01893a8a7260ccd2fb729bdae02d4e76de68e20c56e0adce6756f06ed7cf7198
0063,,ground_panoids,scenes/0063/ground/panoids.json,149522,8f5ba857e6e73fc305c1866ec824d0b7d4d2e41421de2926342719ed8ba33dca
0064,100_30,uav_esp,data/crossgeo-paper85/scenes/0064/uav/esp/0064_100_30.esp,606378,ade550bbddd9cf39efae1c8cb785ed9464d1637a503c33b18c95662b9fe69dcb
0064,100_30,uav_reconstruction_xml,data/crossgeo-paper85/scenes/0064/uav/reconstruction_xml/0064_100_30.xml,656026,47232212896a7c6fb565efff64c044ed2ecccad05a111a832dbb0467241bc80b
0064,45_30,uav_esp,data/crossgeo-paper85/scenes/0064/uav/esp/0064_45_30.esp,606357,3768a528e44b961cf495248de43373e4f6808b8bc1d068781983d93181de3464
0064,45_30,uav_reconstruction_xml,data/crossgeo-paper85/scenes/0064/uav/reconstruction_xml/0064_45_30.xml,638370,2ff78bb8abbc9d6b1a176b5701c976af5052ffeb396ea0c86901a03d155c985d
0064,45_60,uav_esp,data/crossgeo-paper85/scenes/0064/uav/esp/0064_45_60.esp,606034,ed24a859757b304c7ea59f5fab0f8b55a166016bbdf328388b1a08ef9a0c903f
0064,45_60,uav_reconstruction_xml,data/crossgeo-paper85/scenes/0064/uav/reconstruction_xml/0064_45_60.xml,642346,1471ce0cdc4348b94fba8b7c3305c4d7fa77eb990845d421e482f582386704c6
0064,45_90,uav_esp,data/crossgeo-paper85/scenes/0064/uav/esp/0064_45_90.esp,605969,8a4b673ceba1c4f24634f2b3aa0deb986e7bbb1f42c33007c1d6447740e677cc
0064,45_90,uav_reconstruction_xml,data/crossgeo-paper85/scenes/0064/uav/reconstruction_xml/0064_45_90.xml,649794,7b16df84f360a5af72699a2c5e0a918638f66f418ff3c4affdd530c3664769fd
0064,70_30,uav_esp,data/crossgeo-paper85/scenes/0064/uav/esp/0064_70_30.esp,606395,d2903585df23e8ef3c3e3a0f4748c3e08e0a3ac0961056fe598f681d7479e103
0064,70_30,uav_reconstruction_xml,data/crossgeo-paper85/scenes/0064/uav/reconstruction_xml/0064_70_30.xml,653138,dd26c37361f042f0234de0ee54287f4749a8da3b9ce29b088ed8e4afff3d34c3
0064,,ground_panoids,scenes/0064/ground/panoids.json,91648,660ef24c73cbd2e9d75315a6efde2b80c381316b030cc6d1ee788349b2a3b7cf
0065,100_30,uav_esp,data/crossgeo-paper85/scenes/0065/uav/esp/0065_100_30.esp,606318,3b8a77323a8b48e23ef43e956b705eca67e4831284fc00f14c0780f2bf3615a6
0065,100_30,uav_reconstruction_xml,data/crossgeo-paper85/scenes/0065/uav/reconstruction_xml/0065_100_30.xml,658995,1232397f36d429a2b46de2180d51b12f53f492ded8d313d7b5b383bab7829814
0065,45_30,uav_esp,data/crossgeo-paper85/scenes/0065/uav/esp/0065_45_30.esp,606269,4d1b252a8e0f0ccbd034b4b9c9e2a3301e2afab75f6971a44b6232a4ec0977b2
0065,45_30,uav_reconstruction_xml,data/crossgeo-paper85/scenes/0065/uav/reconstruction_xml/0065_45_30.xml,636675,681cc30e84d808e9e2076970b5e71aa38549b9f2a72af947c8c52a39093a4896
0065,45_60,uav_esp,data/crossgeo-paper85/scenes/0065/uav/esp/0065_45_60.esp,605946,410b93f53fd0f56ca3bbcffd3963dd77749c9a6f90674910710c045642fd39b8
0065,45_60,uav_reconstruction_xml,data/crossgeo-paper85/scenes/0065/uav/reconstruction_xml/0065_45_60.xml,644219,738678125bb6d587cd825213ac3dc834aad63ab866642ab8ff17030fcf7cb40b
0065,45_90,uav_esp,data/crossgeo-paper85/scenes/0065/uav/esp/0065_45_90.esp,605881,457e4592287e3bde5faebf556c66f8bcfe840b0ae730d63b0b8d27785bab192a
0065,45_90,uav_reconstruction_xml,data/crossgeo-paper85/scenes/0065/uav/reconstruction_xml/0065_45_90.xml,539421,350abb85ff86947674302bd15e39d1626ac20adee8bf98a09092f8a7244cc226
0065,70_30,uav_esp,data/crossgeo-paper85/scenes/0065/uav/esp/0065_70_30.esp,606305,621fec16a104d3536bcd237696f7d618652b3dfa989c72e598bcd3e1149f4d84
0065,70_30,uav_reconstruction_xml,data/crossgeo-paper85/scenes/0065/uav/reconstruction_xml/0065_70_30.xml,656283,f095b013ef4b223341d4ec0b6eea3a2afc204b2b4c7ebf56caeb931e5ea084e4
0065,,ground_panoids,scenes/0065/ground/panoids.json,43695,2a5033849b768104cd7af99f6abf183d77ba9323a3bb6d7ed4104fe68a7963c9
0067,100_30,uav_esp,data/crossgeo-paper85/scenes/0067/uav/esp/0067_100_30.esp,606540,d970a10b125b97af044ba28f612dfaa16e3177d7a8dc789969cc6e47f53e85b2
0067,100_30,uav_reconstruction_xml,data/crossgeo-paper85/scenes/0067/uav/reconstruction_xml/0067_100_30.xml,658274,77f986e1f16c8a6b9a3b34ff2e3ac339c4f943bebe2c9bb9b2e580dbdd3de792
0067,45_30,uav_esp,data/crossgeo-paper85/scenes/0067/uav/esp/0067_45_30.esp,606541,fcbb5c738de55b64391cc26b6a8db352fbd4013d864323bbfb53b6a79b95ae14
0067,45_30,uav_reconstruction_xml,data/crossgeo-paper85/scenes/0067/uav/reconstruction_xml/0067_45_30.xml,535262,c86d984da194340d35e93a058d6368dd0340e74a440b239278021fa3c6c3bfd8
0067,45_60,uav_esp,data/crossgeo-paper85/scenes/0067/uav/esp/0067_45_60.esp,606218,a44f2f397baacd3cde05477e54ebe87623ea00a4116dee44760fdbb318d9935c
0067,45_60,uav_reconstruction_xml,data/crossgeo-paper85/scenes/0067/uav/reconstruction_xml/0067_45_60.xml,610800,31d2779f8ac12a77b98662442886854649d4af3928b669eac8e1f61513801b1f
0067,45_90,uav_esp,data/crossgeo-paper85/scenes/0067/uav/esp/0067_45_90.esp,606153,d8396b4610b7b56b6371d65ba0b4a700d5c4438390498149256dcfccced19a67
0067,45_90,uav_reconstruction_xml,data/crossgeo-paper85/scenes/0067/uav/reconstruction_xml/0067_45_90.xml,608075,53abbb6b6917aa6bb5c40b5e5d29456015a93e395626b036e8da5ce9efcf664f
0067,70_30,uav_esp,data/crossgeo-paper85/scenes/0067/uav/esp/0067_70_30.esp,606526,cfbd0fab3a45c857980a4e6606ef53da56a3d4899ccf0417f91f36b321ae5035
0067,70_30,uav_reconstruction_xml,data/crossgeo-paper85/scenes/0067/uav/reconstruction_xml/0067_70_30.xml,656147,ddfe2f7386fefa192fb11c3bbaa4ed55da113091d5e9ec2b1736ab2cac0463a8
0067,,ground_panoids,scenes/0067/ground/panoids.json,15791,2d53d23fa9bba5d8f7f8273e52914c564331f2e86aa3d4aeba592d5ae561eae8
0071,100_30,uav_esp,data/crossgeo-paper85/scenes/0071/uav/esp/0071_100_30.esp,606083,21d058c11346fdb3cd661f9b67d4101d73f0581232d95cd3e57abac73e0e2653
0071,100_30,uav_reconstruction_xml,data/crossgeo-paper85/scenes/0071/uav/reconstruction_xml/0071_100_30.xml,657979,c712bd2bc62add02c461215e621aec95076c80d0bbca34c657bcf2a70906def6
0071,45_30,uav_esp,data/crossgeo-paper85/scenes/0071/uav/esp/0071_45_30.esp,606082,205e4a00f76bc0abde99246dc09e836d3236e3975eca01eaf7760f34b76242e9
0071,45_30,uav_reconstruction_xml,data/crossgeo-paper85/scenes/0071/uav/reconstruction_xml/0071_45_30.xml,631942,5b6df21516d798902d5f671338efe5468c97286f52ae5ea9cdc6a177b2651f53
0071,45_60,uav_esp,data/crossgeo-paper85/scenes/0071/uav/esp/0071_45_60.esp,605759,60db6807328451895a487cd82890efbc1770de6e17d47f7d3c4566dcec8bd554
0071,45_60,uav_reconstruction_xml,data/crossgeo-paper85/scenes/0071/uav/reconstruction_xml/0071_45_60.xml,640221,2462bc436041b82842600d7846a70ed9ec93a886396ea0fe212eb60d89e32f00
0071,45_90,uav_esp,data/crossgeo-paper85/scenes/0071/uav/esp/0071_45_90.esp,605694,f22febbe34857db4d908369e7a1a552ed17709e738c319d50ec7deb6d63146a4
0071,45_90,uav_reconstruction_xml,data/crossgeo-paper85/scenes/0071/uav/reconstruction_xml/0071_45_90.xml,609045,c0ea5acc090cfbe4d7585a1605cd4295690bd2b4cb15aef51cbda8bcd9fa214f
0071,70_30,uav_esp,data/crossgeo-paper85/scenes/0071/uav/esp/0071_70_30.esp,606082,f7de8bf21bfc84c996381653f5afc61e0c403bcd1395c73035f80c68692fa3c9
0071,70_30,uav_reconstruction_xml,data/crossgeo-paper85/scenes/0071/uav/reconstruction_xml/0071_70_30.xml,650174,1653088511c0c027a10ad7dcc3b4623bed7f7a6fb49f4121f544016812f90d2f
0071,,ground_panoids,scenes/0071/ground/panoids.json,174511,e470b452b874a65cebccc7a46a528175b87fab6e4557087b0c61ed8f63a77054
0080,100_30,uav_esp,data/crossgeo-paper85/scenes/0080/uav/esp/0080_100_30.esp,605900,0e51eee3782e5be8ab2bd8c0cff09ff3ddfe54eee8384ed83a578f5f6e461f56
0080,100_30,uav_reconstruction_xml,data/crossgeo-paper85/scenes/0080/uav/reconstruction_xml/0080_100_30.xml,660158,84d5032cca64d12a742e4185bea1cf0b749bb33c26a1638810333d1f159a6ab2
0080,45_30,uav_esp,data/crossgeo-paper85/scenes/0080/uav/esp/0080_45_30.esp,605924,aabfe19fba3d8bd268e191a52614653aa968c93d8b726c8bd577ff51ee84cd0f
0080,45_30,uav_reconstruction_xml,data/crossgeo-paper85/scenes/0080/uav/reconstruction_xml/0080_45_30.xml,578913,dc8784b4ccd83239c1e07d077a1f8a6a10c811642836030d7c9f091bffd2f151
0080,45_60,uav_esp,data/crossgeo-paper85/scenes/0080/uav/esp/0080_45_60.esp,605601,4d713bd2656280e26c4ab077572de41e0432c4545abb55eb73a25b66f4630d78
0080,45_60,uav_reconstruction_xml,data/crossgeo-paper85/scenes/0080/uav/reconstruction_xml/0080_45_60.xml,647797,6060e50aebd3ee6dbc07e24a5856d0c2a6640aac0a626001c1f3107098b08d95
0080,45_90,uav_esp,data/crossgeo-paper85/scenes/0080/uav/esp/0080_45_90.esp,605536,87133e1a921600e84938977a852126ddfa84303f33accf2cbe1d1f7621be2c34
0080,45_90,uav_reconstruction_xml,data/crossgeo-paper85/scenes/0080/uav/reconstruction_xml/0080_45_90.xml,659205,5e9493c204069bed8b7ad096f390b446d4b4dea9c7eea69c650583b76996751a
0080,70_30,uav_esp,data/crossgeo-paper85/scenes/0080/uav/esp/0080_70_30.esp,605896,748efe4a04b29bc828c70d0d5b176b7010be4da367e43607431d957bf5567e20
0080,70_30,uav_reconstruction_xml,data/crossgeo-paper85/scenes/0080/uav/reconstruction_xml/0080_70_30.xml,658345,f95a69dbc7bb5c4de1e0aeee08dfa4b472bb8fda542aa5ab7da99c9701db47d6
0080,,ground_panoids,scenes/0080/ground/panoids.json,73179,e982b76c9095c9de132ac35401980c4fdfc15360e27c0e48e956863b9d239cfe
0083,100_30,uav_esp,data/crossgeo-paper85/scenes/0083/uav/esp/0083_100_30.esp,606398,ea9c11fc4c193d425532e1e2a8163325441547b9bbfb7932028a73845d088279
0083,100_30,uav_reconstruction_xml,data/crossgeo-paper85/scenes/0083/uav/reconstruction_xml/0083_100_30.xml,659407,92e02b2584683d2b19627a63882d256f9fc78d2305b2642d324eeedd0420860e
0083,45_30,uav_esp,data/crossgeo-paper85/scenes/0083/uav/esp/0083_45_30.esp,606388,d533a2ad3ddc2e4e20a47ed641de96fdfe625ff039d6fc36f9a085ec1ebc5f35
0083,45_30,uav_reconstruction_xml,data/crossgeo-paper85/scenes/0083/uav/reconstruction_xml/0083_45_30.xml,657420,05e55557bb5e2e48f5b12aa655fb6ad8190e9d933a4314c062352893faf85cf7
0083,45_60,uav_esp,data/crossgeo-paper85/scenes/0083/uav/esp/0083_45_60.esp,606065,0fa44f252653651193c32402182031c3630b512adaa5d2e655342ad7e8a570ae
0083,45_60,uav_reconstruction_xml,data/crossgeo-paper85/scenes/0083/uav/reconstruction_xml/0083_45_60.xml,657667,91051cf171f9093fac7f4070ab4e4cb0388fca593f0afc8138f4e708798ae33a
0083,45_90,uav_esp,data/crossgeo-paper85/scenes/0083/uav/esp/0083_45_90.esp,606000,69550a9f713d1cc61f1fdfe19fcfaa07ad94176b54cbf9ca3407c25f71c7580b
0083,45_90,uav_reconstruction_xml,data/crossgeo-paper85/scenes/0083/uav/reconstruction_xml/0083_45_90.xml,502444,6f7105ad8d7165d61f9bdc67f6bfe7ef9dbd6466fd8a57da787854a58d7c7b8c
0083,70_30,uav_esp,data/crossgeo-paper85/scenes/0083/uav/esp/0083_70_30.esp,606390,f50f27b022ede87b831929943b1d99bdc3b30cc91aee9c52185ddc3e389bb21c
0083,70_30,uav_reconstruction_xml,data/crossgeo-paper85/scenes/0083/uav/reconstruction_xml/0083_70_30.xml,659719,edfd7775d97cedd61b4fac755ed9abe14713cfbc0ab7a8398abc5f1493314e30
0083,,ground_panoids,scenes/0083/ground/panoids.json,47098,d1b5835095e1e264240da32ccca73b4960384b4a36142a3cafbdedbbc0109b3e
0086,100_30,uav_esp,data/crossgeo-paper85/scenes/0086/uav/esp/0086_100_30.esp,605763,d8cb6460029e42f1b1e0a6a1d2b0ef223fe2ee81f64a5fb5e62f294c1be2a3f1
0086,100_30,uav_reconstruction_xml,data/crossgeo-paper85/scenes/0086/uav/reconstruction_xml/0086_100_30.xml,656229,89b00b57e56b21f7149d670f434e054ca1200c621966e9b238b43270b9f44864
0086,45_30,uav_esp,data/crossgeo-paper85/scenes/0086/uav/esp/0086_45_30.esp,605730,220777c0e749e1fea9eb81cf9ed98fb7a3e592ec156a1101e8bf12498be3593f
0086,45_30,uav_reconstruction_xml,data/crossgeo-paper85/scenes/0086/uav/reconstruction_xml/0086_45_30.xml,640962,c1c4b6907843874982bc4160688aa3737a23e8ef0acb8df61792968197f398c0
0086,45_60,uav_esp,data/crossgeo-paper85/scenes/0086/uav/esp/0086_45_60.esp,605407,95d10d180c8f075cad25d29714dd02b2c933f4ee9abe5051e6da4a65b807560d
0086,45_60,uav_reconstruction_xml,data/crossgeo-paper85/scenes/0086/uav/reconstruction_xml/0086_45_60.xml,640445,937fc5177fd5d036ec76f7705dbc996212e788f382f05387c3472ef7d3ed1024
0086,45_90,uav_esp,data/crossgeo-paper85/scenes/0086/uav/esp/0086_45_90.esp,605342,01a5d55608977db420e44edcd0821619cdf9da1a7c9939685ca384d8b674afa0
0086,45_90,uav_reconstruction_xml,data/crossgeo-paper85/scenes/0086/uav/reconstruction_xml/0086_45_90.xml,549933,042547109416147f43b141a899b4c4cc508fd153a5fde5cfab7068c36b54aaf4
0086,70_30,uav_esp,data/crossgeo-paper85/scenes/0086/uav/esp/0086_70_30.esp,605721,fa86338ee4b36b35966bd91d0cdd11e87f38c536506c2d33e15df2341271f0c7
0086,70_30,uav_reconstruction_xml,data/crossgeo-paper85/scenes/0086/uav/reconstruction_xml/0086_70_30.xml,653653,bf4326f3dfdb38e83d91e3eac0d9557c5ef9bcfbae9d5903cc8337ce3f0bce28
0086,,ground_panoids,scenes/0086/ground/panoids.json,128322,b481a74381e8d878f40fbaec29bbb0438d66da079c6aa2e9fd9526898b792885
0090,100_30,uav_esp,data/crossgeo-paper85/scenes/0090/uav/esp/0090_100_30.esp,605620,bf74b0ba22b2ebe6416292754fccd9f6209ae825bf28f4246a53a88421249301
0090,100_30,uav_reconstruction_xml,data/crossgeo-paper85/scenes/0090/uav/reconstruction_xml/0090_100_30.xml,657946,1b9454136a84e6e6f5f916af43bd6152362e83b85f662f5656b26cc3e2854560
0090,45_30,uav_esp,data/crossgeo-paper85/scenes/0090/uav/esp/0090_45_30.esp,605613,e6619404e4d3524213b0f94801f324cab14a8f9ab1b9bf2b4531800081393e38
0090,45_30,uav_reconstruction_xml,data/crossgeo-paper85/scenes/0090/uav/reconstruction_xml/0090_45_30.xml,637263,24b069713ec791057454bcffd276eb5c23700ff4dbd0384e95e42e789d24aa47
0090,45_60,uav_esp,data/crossgeo-paper85/scenes/0090/uav/esp/0090_45_60.esp,605290,02ce5d11ceaeb17becddf48b45d6de093958ab01bdb239b90caffb4d812b095b
0090,45_60,uav_reconstruction_xml,data/crossgeo-paper85/scenes/0090/uav/reconstruction_xml/0090_45_60.xml,640706,2c6b6a390bb9edc911c9e8f8a04b2b2373b1ed603399c01368d22c7697ec62ae
0090,45_90,uav_esp,data/crossgeo-paper85/scenes/0090/uav/esp/0090_45_90.esp,605225,e51b71a7a19f552e5ed444039163b1069f3572c9d50ed54a708348c496ade925
0090,45_90,uav_reconstruction_xml,data/crossgeo-paper85/scenes/0090/uav/reconstruction_xml/0090_45_90.xml,584014,3e4aeb42de90aec5e57a44f6c9522925cab7c96921073e4eda94f8d038ea24f7
0090,70_30,uav_esp,data/crossgeo-paper85/scenes/0090/uav/esp/0090_70_30.esp,605614,e778cdc5691a2b523c723108cbe1cf4adeb32ab0a3d828b2eb753290780a8f64
0090,70_30,uav_reconstruction_xml,data/crossgeo-paper85/scenes/0090/uav/reconstruction_xml/0090_70_30.xml,653822,8dc8021e25272e02c3c5b0dd374438970ed88fd0fc747d8488fa77e492cf5e79
0090,,ground_panoids,scenes/0090/ground/panoids.json,114570,4cc3c68faadda5c9fe9eb3c8dec84a30a68368acb3721e98d26f9bcb672dfce6
0094,100_30,uav_esp,data/crossgeo-paper85/scenes/0094/uav/esp/0094_100_30.esp,606651,0b4732148eec8a3977c4bf748e540bfc26f817b0110a074fb1b4fb84751d433f
0094,100_30,uav_reconstruction_xml,data/crossgeo-paper85/scenes/0094/uav/reconstruction_xml/0094_100_30.xml,659943,db4b1660db64df744c486c9a2834efc90ae57842c07554d420e54e32d19acb22
0094,45_30,uav_esp,data/crossgeo-paper85/scenes/0094/uav/esp/0094_45_30.esp,606650,61bca7d6d5784ee01b7211e9883798c4d0009f7f460d768bf4e497e42ebaa53d
0094,45_30,uav_reconstruction_xml,data/crossgeo-paper85/scenes/0094/uav/reconstruction_xml/0094_45_30.xml,618520,e6de2fc535d881a0157df0061ea628e3acbaecbc0eccae99aeea88ac1f700d86
0094,45_60,uav_esp,data/crossgeo-paper85/scenes/0094/uav/esp/0094_45_60.esp,606327,032141489639293452c66e7b2559946c0f1143b76810dfde2fbdbf7bec93f2a5
0094,45_60,uav_reconstruction_xml,data/crossgeo-paper85/scenes/0094/uav/reconstruction_xml/0094_45_60.xml,583365,c040310bbe314b3926403105759819e7d3e8d0beb4a0b83b6941068b5791b834
0094,45_90,uav_esp,data/crossgeo-paper85/scenes/0094/uav/esp/0094_45_90.esp,606262,f46ce0a07ca2f248d290b6855984b6d4c98841319cb4f9389b7c1d8fc3c4bad9
0094,45_90,uav_reconstruction_xml,data/crossgeo-paper85/scenes/0094/uav/reconstruction_xml/0094_45_90.xml,516319,542e3a62792cd4e78d332305766d97bca7c94e78ffd7dafd8d80131c1a763343
0094,70_30,uav_esp,data/crossgeo-paper85/scenes/0094/uav/esp/0094_70_30.esp,606664,76dd065b04c4b596254c10ec8f76c339aaefa00f16cc0f0fdbb414e912ff209e
0094,70_30,uav_reconstruction_xml,data/crossgeo-paper85/scenes/0094/uav/reconstruction_xml/0094_70_30.xml,658209,0a67c6337515dab8d0825515f83dac68822f7ccc19c9eca117bb2a40df4f5465
0094,,ground_panoids,scenes/0094/ground/panoids.json,35523,0318983ce451beaa0c2c67bc6026842ce541c0de3513f7e312d69a4016c41801
0095,100_30,uav_esp,data/crossgeo-paper85/scenes/0095/uav/esp/0095_100_30.esp,605786,2d79798e3fa3f604187fef3ae263195247ffc80a16047b7408345a7c388da892
0095,100_30,uav_reconstruction_xml,data/crossgeo-paper85/scenes/0095/uav/reconstruction_xml/0095_100_30.xml,659370,6f4c631b481cfb3a2a7908c048859fd9842d583c884dae00989436e3e3b8bf87
0095,45_30,uav_esp,data/crossgeo-paper85/scenes/0095/uav/esp/0095_45_30.esp,605660,3d549874662af6e7abea057b8388efa5f429d7c7d37985e356100636d5b251ff
0095,45_30,uav_reconstruction_xml,data/crossgeo-paper85/scenes/0095/uav/reconstruction_xml/0095_45_30.xml,625363,3983c7643286295736975412caad7ca1b5402d6d12c717742745ce1894097ec3
0095,45_60,uav_esp,data/crossgeo-paper85/scenes/0095/uav/esp/0095_45_60.esp,605337,0c094cbf96f6944c9223d67fa4f9124bb45dd6e9a95fc25686edabbc253887c2
0095,45_60,uav_reconstruction_xml,data/crossgeo-paper85/scenes/0095/uav/reconstruction_xml/0095_45_60.xml,636101,c67f223f0b0cde3bff11c00c27501fe9f9f4b90a671d674a3eee0e4e0b257e40
0095,45_90,uav_esp,data/crossgeo-paper85/scenes/0095/uav/esp/0095_45_90.esp,605272,c17572383318edad31160e312ffc8485fd0618e33ba7d56f6f833ae20ec80071
0095,45_90,uav_reconstruction_xml,data/crossgeo-paper85/scenes/0095/uav/reconstruction_xml/0095_45_90.xml,648212,d0868658864326cb0dafb582ceb4f808d0d7a6fc05e03964f352a93bbe9b0077
0095,70_30,uav_esp,data/crossgeo-paper85/scenes/0095/uav/esp/0095_70_30.esp,605650,2e8073da5d957806dfe24180b616367654ec552cc9dbaa4a8f3267429d713be8
0095,70_30,uav_reconstruction_xml,data/crossgeo-paper85/scenes/0095/uav/reconstruction_xml/0095_70_30.xml,657843,4cccd17b040fc78dd5f50de98c53dc13a712ea0a8e7bfcd3eb0a18a17f22b7f7
0095,,ground_panoids,scenes/0095/ground/panoids.json,36742,6be39f2bb3ca22d4f0f89904d00de21ee5010003adde37cbf0cccef65c8e01e5
0098,100_30,uav_esp,data/crossgeo-paper85/scenes/0098/uav/esp/0098_100_30.esp,606351,2b3e191c1a69f066d6c5f43e4450e0c2eedfe606bfb8611a4e8e45fe55aa4fd1
0098,100_30,uav_reconstruction_xml,data/crossgeo-paper85/scenes/0098/uav/reconstruction_xml/0098_100_30.xml,659078,81974db2e9583af5f6584c7501fce2f6e8a837b25f382a94b078ba1c3892dd72
0098,45_30,uav_esp,data/crossgeo-paper85/scenes/0098/uav/esp/0098_45_30.esp,606339,cc66417640063ae21af72d22f1a2bce4388bc39e85750871abb9f1beb0dd0458
0098,45_30,uav_reconstruction_xml,data/crossgeo-paper85/scenes/0098/uav/reconstruction_xml/0098_45_30.xml,643698,39bcf8109739d7599b8014f658126ebf44553676a495a914c5fdc3f81a833e7a
0098,45_60,uav_esp,data/crossgeo-paper85/scenes/0098/uav/esp/0098_45_60.esp,606016,13248a2a3d71f2affd31d5b0cdb0d25384d13f97b82871230bb0d6e8d1ac1624
0098,45_60,uav_reconstruction_xml,data/crossgeo-paper85/scenes/0098/uav/reconstruction_xml/0098_45_60.xml,646995,e4e231da7be9a3d707a3cb73786d732ea2ffa08ce7f53dbfd6ae8b08431ea770
0098,45_90,uav_esp,data/crossgeo-paper85/scenes/0098/uav/esp/0098_45_90.esp,605951,8b66b8a03a677963df2afb20e6fd975cfd546ce5f9edd3330497406a8b381f27
0098,45_90,uav_reconstruction_xml,data/crossgeo-paper85/scenes/0098/uav/reconstruction_xml/0098_45_90.xml,652029,dc1ef8288ddbf1c48d662e4aabe51e46c46686890df8093143f13ba8a8ee4df0
0098,70_30,uav_esp,data/crossgeo-paper85/scenes/0098/uav/esp/0098_70_30.esp,606343,07261d7c6e35a95c37f093fab3045c767e212dc940c4e0635bbcdc9219265bc9
0098,70_30,uav_reconstruction_xml,data/crossgeo-paper85/scenes/0098/uav/reconstruction_xml/0098_70_30.xml,656833,9922638c98007604cb09baf218b37bc3771436e28221872996e767c96fbf0595
0098,,ground_panoids,scenes/0098/ground/panoids.json,96384,79e46900e0d862202009c1a7d9a820543b7e9f0e709f47e0d43381e75b9b107b
0102,100_30,uav_esp,data/crossgeo-paper85/scenes/0102/uav/esp/0102_100_30.esp,606194,9d68c88dde80aa211a6e4b6bd085b5ec2a57df4d1b1a9fe287f0b8daa03b1124
0102,100_30,uav_reconstruction_xml,data/crossgeo-paper85/scenes/0102/uav/reconstruction_xml/0102_100_30.xml,658456,a1f8a8a88d6fb4dc516b6bda2c9787309d9654c91590ef5fd45c5b4ecca77c04
0102,45_30,uav_esp,data/crossgeo-paper85/scenes/0102/uav/esp/0102_45_30.esp,606196,d90c344c5c9a457d99af16249d7d7cda9e684d2b1bc8f72e14756c0273bc1610
0102,45_30,uav_reconstruction_xml,data/crossgeo-paper85/scenes/0102/uav/reconstruction_xml/0102_45_30.xml,645620,a8c859f20cfb847a421cd47f790c5c31dbd311252319998a5601956f5f4621d7
0102,45_60,uav_esp,data/crossgeo-paper85/scenes/0102/uav/esp/0102_45_60.esp,605873,f847dc1baaf24d591c1c74b67c3eca8d23be45a3100501c7cd6faf2ffe4a022f
0102,45_60,uav_reconstruction_xml,data/crossgeo-paper85/scenes/0102/uav/reconstruction_xml/0102_45_60.xml,634317,e8452e8a6ce32191d708bfc7abb4d318ce58371d7933b8e73989515e4c71ada6
0102,45_90,uav_esp,data/crossgeo-paper85/scenes/0102/uav/esp/0102_45_90.esp,605808,474b2dcedcb8059c0b022f7538ae2cfafb718ecc8f2669007dc8b3255d5bd556
0102,45_90,uav_reconstruction_xml,data/crossgeo-paper85/scenes/0102/uav/reconstruction_xml/0102_45_90.xml,654651,e8d4d0e15047119f5570ac2a9eb06b8ff0995e05f56b32431689ef3fef50f8da
0102,70_30,uav_esp,data/crossgeo-paper85/scenes/0102/uav/esp/0102_70_30.esp,606223,517927c83eeb7ca79689d9d209bd182ddd79efcaceb693c8eef221810f8c9d20
0102,70_30,uav_reconstruction_xml,data/crossgeo-paper85/scenes/0102/uav/reconstruction_xml/0102_70_30.xml,653640,f40ae452fcbf34708e3885588a16658a25fa2bdbda31309fbb6a071cdd19ed1a
0102,,ground_panoids,scenes/0102/ground/panoids.json,60679,72d68be03570067fa36c9eccfb1e99e7804fff1c48360cbfa644ac10c194891e
0104,100_30,uav_esp,data/crossgeo-paper85/scenes/0104/uav/esp/0104_100_30.esp,606398,5976ef6457124e1c999ffd7f6af67abc5f3a62f870b23962bbe55a11ffe75c39
0104,100_30,uav_reconstruction_xml,data/crossgeo-paper85/scenes/0104/uav/reconstruction_xml/0104_100_30.xml,657981,6bf5fe04d57d7b1d579d2ffd0d2f63b601828f19bf714027fc79d9685799731d
0104,45_30,uav_esp,data/crossgeo-paper85/scenes/0104/uav/esp/0104_45_30.esp,606384,1422192d0d0f0abf18aeb50ce5dc25f61bd810127ad6c65e4cc39f3ab9412514
0104,45_30,uav_reconstruction_xml,data/crossgeo-paper85/scenes/0104/uav/reconstruction_xml/0104_45_30.xml,606802,d7b9a7acb61f250c4a2cf1788c271e44a88696528ab86ececcde845fcabfb951
0104,45_60,uav_esp,data/crossgeo-paper85/scenes/0104/uav/esp/0104_45_60.esp,606061,5f7946b1497e3a0fcbc7c6779d2f3bd049eaa2d67e4e34486edb9a026cc03766
0104,45_60,uav_reconstruction_xml,data/crossgeo-paper85/scenes/0104/uav/reconstruction_xml/0104_45_60.xml,625133,df3ae9f38b489bd7ed6099f5ebd3cc111c3123e8dc3951a29e3933049203ed0e
0104,45_90,uav_esp,data/crossgeo-paper85/scenes/0104/uav/esp/0104_45_90.esp,605996,6199987cdfeb15d1bfb679ef43126f1da8c7c2feb3dc1eef5d1cd5af2e3684b9
0104,45_90,uav_reconstruction_xml,data/crossgeo-paper85/scenes/0104/uav/reconstruction_xml/0104_45_90.xml,653061,40b35c56af881dc7e79298654f17690f8dfc32903174c7ac74f840cc41e653c9
0104,70_30,uav_esp,data/crossgeo-paper85/scenes/0104/uav/esp/0104_70_30.esp,606410,9189bde88ba1c07857e178771ff35fed36c93f7d63c5dca62612cd08db713bda
0104,70_30,uav_reconstruction_xml,data/crossgeo-paper85/scenes/0104/uav/reconstruction_xml/0104_70_30.xml,656615,5af393f4cf129dc57585216ff676594c4287570e0335648469d4db25522645db
0104,,ground_panoids,scenes/0104/ground/panoids.json,45104,a727fca1b4acdb881a1a7a854e9b3d1eb23f00fa36364bac11d6b5d1fb7dbb6f
0115,100_30,uav_esp,data/crossgeo-paper85/scenes/0115/uav/esp/0115_100_30.esp,606322,b536974b57a9e86b08c72d205f9e03d6d176bd041d3de7cf7bcfc7b21a784e8b
0115,100_30,uav_reconstruction_xml,data/crossgeo-paper85/scenes/0115/uav/reconstruction_xml/0115_100_30.xml,658969,7b4b7ca5b8295a361f3e931651242c4ff9f15c8f267e015b7df888be0bd0aa00
0115,45_30,uav_esp,data/crossgeo-paper85/scenes/0115/uav/esp/0115_45_30.esp,606327,68957985309ef6f380fee1b96d3db622b80cc79a2a3fb5f18b1cb219e7ae5066
0115,45_30,uav_reconstruction_xml,data/crossgeo-paper85/scenes/0115/uav/reconstruction_xml/0115_45_30.xml,656224,c6d6315d4c6b62c493ed5e2697cac7fb216e2bbcc9bbc27a7fd271a505cf7402
0115,45_60,uav_esp,data/crossgeo-paper85/scenes/0115/uav/esp/0115_45_60.esp,606004,499a2634985e5ca56e31792a6bdec38696a65a0887875da04b92fcb852b01a79
0115,45_60,uav_reconstruction_xml,data/crossgeo-paper85/scenes/0115/uav/reconstruction_xml/0115_45_60.xml,655581,bf669a20f94dd1b34e71f5e12e48086794d2baf995ec5c5a1929ab7cfad042fc
0115,45_90,uav_esp,data/crossgeo-paper85/scenes/0115/uav/esp/0115_45_90.esp,605939,1ed9e88cfab204483083c3489fd66b123a6d828c1fbfbdebcd875e7c588a307c
0115,45_90,uav_reconstruction_xml,data/crossgeo-paper85/scenes/0115/uav/reconstruction_xml/0115_45_90.xml,610564,8a7c7a2780aec7f0fe2a26aa7f19d3cd50b9f09ce4c9171df4874686f920f3af
0115,70_30,uav_esp,data/crossgeo-paper85/scenes/0115/uav/esp/0115_70_30.esp,606326,a14a6a22d6c5b6f9354a18d585d706090ba158396870c4abb4cf4b8366b21db8
0115,70_30,uav_reconstruction_xml,data/crossgeo-paper85/scenes/0115/uav/reconstruction_xml/0115_70_30.xml,657238,90dfe2dedb2639df927db46197d22101a53cca5363507946855d3d254fb925dd
0115,,ground_panoids,scenes/0115/ground/panoids.json,133040,31c681eef7ebb3197fa76245ea22fc4fe79f73e39091c7a95b8143aa0dc068f6
0117,100_30,uav_esp,data/crossgeo-paper85/scenes/0117/uav/esp/0117_100_30.esp,605676,4e972ae143c08bc4f93b8274909fbf5f8abdcf3f1e8e7597ce9a8fce23b60350
0117,100_30,uav_reconstruction_xml,data/crossgeo-paper85/scenes/0117/uav/reconstruction_xml/0117_100_30.xml,658776,8a923e341c93402cd95544aca3f689aa5e157b01ffd738d8d40120915b713b97
0117,45_30,uav_esp,data/crossgeo-paper85/scenes/0117/uav/esp/0117_45_30.esp,605670,b5384f0b8e1a212144a2b9ef285252189a44984d3f5f85136f3734feb7d504bb
0117,45_30,uav_reconstruction_xml,data/crossgeo-paper85/scenes/0117/uav/reconstruction_xml/0117_45_30.xml,631546,feb739b912a512f0503318ecf605467a0b7616a28a1e19d2a6ce939021254dc2
0117,45_60,uav_esp,data/crossgeo-paper85/scenes/0117/uav/esp/0117_45_60.esp,605347,3eb7d4b545c890a69d4c613bea78c5f1b0903d9deea8fc38c36a17b51e6c297b
0117,45_60,uav_reconstruction_xml,data/crossgeo-paper85/scenes/0117/uav/reconstruction_xml/0117_45_60.xml,636527,698f92353aad3d74c800666549f827d8ce09ff81bed3227ab99b69008a308f78
0117,45_90,uav_esp,data/crossgeo-paper85/scenes/0117/uav/esp/0117_45_90.esp,605282,e745471b3aa836d62791f5f51fa31b172b8b6cef203a474935711003cdae125c
0117,45_90,uav_reconstruction_xml,data/crossgeo-paper85/scenes/0117/uav/reconstruction_xml/0117_45_90.xml,485378,1bc8996f88da24ed469cac6ecacfe3e5c123c13d9e17840c4eab15555ab4339f
0117,70_30,uav_esp,data/crossgeo-paper85/scenes/0117/uav/esp/0117_70_30.esp,605664,f941017970f5b8f242ff1000aa21a5d504cccc0eb1d948eaaa6d8978f5dc9573
0117,70_30,uav_reconstruction_xml,data/crossgeo-paper85/scenes/0117/uav/reconstruction_xml/0117_70_30.xml,650398,d5662a25a28f8066ba2c7e1c9285750de6bbc4b76c63b8c5ec376ab4d19a2d32
0117,,ground_panoids,scenes/0117/ground/panoids.json,65857,4b3af28e00641a1018a8a9959b20d581d90dff456991e3041c9693bba15323d2
0122,100_30,uav_esp,data/crossgeo-paper85/scenes/0122/uav/esp/0122_100_30.esp,605617,2bfef9b49d4f2e74ca5afe3907d23a25b1e0015abd7701c038ddb7865874a46f
0122,100_30,uav_reconstruction_xml,data/crossgeo-paper85/scenes/0122/uav/reconstruction_xml/0122_100_30.xml,659215,502d68e854ba7458b444ee7aeef67110073decaab6a75498af9bde9916d175e0
0122,45_30,uav_esp,data/crossgeo-paper85/scenes/0122/uav/esp/0122_45_30.esp,605615,520688fd23f4eb3e5334db988f9add54132d57aa71b0f3fe7f20340cca49bb95
0122,45_30,uav_reconstruction_xml,data/crossgeo-paper85/scenes/0122/uav/reconstruction_xml/0122_45_30.xml,603221,a94a4ca7f0cbd77b3996309393b5bb8b749ed6109468a6d92416dda7301c01a6
0122,45_60,uav_esp,data/crossgeo-paper85/scenes/0122/uav/esp/0122_45_60.esp,605292,66be1a9b47fef87c591c519882ad3b32b5ed427ba8c875c5159b82e15ab173f0
0122,45_60,uav_reconstruction_xml,data/crossgeo-paper85/scenes/0122/uav/reconstruction_xml/0122_45_60.xml,621387,987bbc124114de6b77494bc7cf7e453e5dee9303d29038e5c56012f45a1398ee
0122,45_90,uav_esp,data/crossgeo-paper85/scenes/0122/uav/esp/0122_45_90.esp,605227,950854f36fdae8703b256b8892dd79065d42fe8859cce7e51e6511ff589c9114
0122,45_90,uav_reconstruction_xml,data/crossgeo-paper85/scenes/0122/uav/reconstruction_xml/0122_45_90.xml,646655,7861ad22c3d1c25b4d16da0dd40b9e56c13052da9e8baf29ace2b9c1c0c58965
0122,70_30,uav_esp,data/crossgeo-paper85/scenes/0122/uav/esp/0122_70_30.esp,605606,4efdfb15f0828452a5e33c2d8169e797333d02346944e44f46e38fb073155098
0122,70_30,uav_reconstruction_xml,data/crossgeo-paper85/scenes/0122/uav/reconstruction_xml/0122_70_30.xml,643540,0dc1443df8aebff57e9888cdcd45de07eeac1e495e5c77ed254aa0db6dba0dab
0122,,ground_panoids,scenes/0122/ground/panoids.json,32291,398730503c394610eb9c9efc1916eaf2755951ae047aabd18450dab0a58b2f81
0130,100_30,uav_esp,data/crossgeo-paper85/scenes/0130/uav/esp/0130_100_30.esp,606030,5143750828562715a5478f310ce1ca7c07b95b58505832267ec161f32e67b183
0130,100_30,uav_reconstruction_xml,data/crossgeo-paper85/scenes/0130/uav/reconstruction_xml/0130_100_30.xml,659517,c8988c88f34497bb807adc8572127adc8dcf187a3fdae769b06b76e24b624453
0130,45_30,uav_esp,data/crossgeo-paper85/scenes/0130/uav/esp/0130_45_30.esp,605665,e9733c5beb4cd7b957a24ffa27b9422b046f7c14545674677d35b24508e2c090
0130,45_30,uav_reconstruction_xml,data/crossgeo-paper85/scenes/0130/uav/reconstruction_xml/0130_45_30.xml,640262,7bc987d29828a7ae1c2039cceeda35bf0cb1e9c3e12b266aba1fe0624733354f
0130,45_60,uav_esp,data/crossgeo-paper85/scenes/0130/uav/esp/0130_45_60.esp,605342,b9a81277858093b7c2bec077784b49f4837a4634519e11fd1f5d40dd17a5c9c3
0130,45_60,uav_reconstruction_xml,data/crossgeo-paper85/scenes/0130/uav/reconstruction_xml/0130_45_60.xml,639956,360e06afb365b56e7534f24f509225be545af2277d384ffb7a19db6d293f4214
0130,45_90,uav_esp,data/crossgeo-paper85/scenes/0130/uav/esp/0130_45_90.esp,605277,fc83e66d94b79f0f629928589321ed1c76f1414e036064e316b8687885243ddd
0130,45_90,uav_reconstruction_xml,data/crossgeo-paper85/scenes/0130/uav/reconstruction_xml/0130_45_90.xml,648696,1dce7be2765937a30b3ed187a46b17ae15de34b55b06d9bdca399589a6593f94
0130,70_30,uav_esp,data/crossgeo-paper85/scenes/0130/uav/esp/0130_70_30.esp,605655,9ab3cc9d524d1472b1ac315566bec3b07b32d7f83dbc9ea60e35bfd531e68214
0130,70_30,uav_reconstruction_xml,data/crossgeo-paper85/scenes/0130/uav/reconstruction_xml/0130_70_30.xml,654900,47cfe9f034683d039edcbc4f0c49385a1acb109beb68fa4f3cf53758d9c84dd9
0130,,ground_panoids,scenes/0130/ground/panoids.json,46982,8f1745dde6459eec7b7a0136d4a984cc90b4fc21532f35568ea80c87184de3f7
0137,100_30,uav_esp,data/crossgeo-paper85/scenes/0137/uav/esp/0137_100_30.esp,605904,a4979b935f990e9a2d2f59596831c581ee5debd7a21274af73397f85ee40f05f
0137,100_30,uav_reconstruction_xml,data/crossgeo-paper85/scenes/0137/uav/reconstruction_xml/0137_100_30.xml,660205,26350345806b4b27c64c7a5b4e78251ed5cb9241d108cf2b4d4c9e9f7a62ddc6
0137,45_30,uav_esp,data/crossgeo-paper85/scenes/0137/uav/esp/0137_45_30.esp,605906,4ef24f0dc9a3404dee9c9a2e947ab44badf4f7366622572716134abbd6afeaee
0137,45_30,uav_reconstruction_xml,data/crossgeo-paper85/scenes/0137/uav/reconstruction_xml/0137_45_30.xml,645191,40b96cea7332d098edd68369bc794c87f55bb34bbc36be8aeef422eef6464f09
0137,45_60,uav_esp,data/crossgeo-paper85/scenes/0137/uav/esp/0137_45_60.esp,605583,a8682c54c9cc22efcb8a9cc5f531dd928d987e3f831f0897193ed574340e0c87
0137,45_60,uav_reconstruction_xml,data/crossgeo-paper85/scenes/0137/uav/reconstruction_xml/0137_45_60.xml,644813,eb87f98c81e205562d95c06c0ac0f09e0d7d32328eea2c9ddf12d3f827a128f5
0137,45_90,uav_esp,data/crossgeo-paper85/scenes/0137/uav/esp/0137_45_90.esp,605518,71fe7328ae5d1be9210231f6598529c0bddc0c2af5ecef125a2cdb1b167dad83
0137,45_90,uav_reconstruction_xml,data/crossgeo-paper85/scenes/0137/uav/reconstruction_xml/0137_45_90.xml,655281,b988cb27778ecfddcc3c8a2f7e1991a31814c3f10ef8e647b328af1f60195891
0137,70_30,uav_esp,data/crossgeo-paper85/scenes/0137/uav/esp/0137_70_30.esp,605933,8bdfd83cf8865c0cedc2d14a8163fde83ef8e4940d2e44b07c660bf9dc1d6868
0137,70_30,uav_reconstruction_xml,data/crossgeo-paper85/scenes/0137/uav/reconstruction_xml/0137_70_30.xml,656761,5927afb2f98a9f331a1389693fec3bc1fa8d233b209be7f14bdc4a02ac1f47ba
0137,,ground_panoids,scenes/0137/ground/panoids.json,148084,c541849606af05567b04faa24b525eae78e952d0a0aaaa14399a89c62d7e0af5
0141,100_30,uav_esp,data/crossgeo-paper85/scenes/0141/uav/esp/0141_100_30.esp,605589,6f74858ed8c026a0012235f11884d5b80f368c8db4cc7a21c617533d7ad5391b
0141,100_30,uav_reconstruction_xml,data/crossgeo-paper85/scenes/0141/uav/reconstruction_xml/0141_100_30.xml,659274,a04e7449dca92ca90c982894bbc3cd8f7f9ac244ecff6437b0439591ca0bf271
0141,45_30,uav_esp,data/crossgeo-paper85/scenes/0141/uav/esp/0141_45_30.esp,605596,86f2c59bfabf9d8e78b08c189094e66707981e5d45dab229bd0369a725d42279
0141,45_30,uav_reconstruction_xml,data/crossgeo-paper85/scenes/0141/uav/reconstruction_xml/0141_45_30.xml,560791,5918b5cd5084206f6179ed2d4e2f877d0db9a8d28aebb90e27526fc75d6154d7
0141,45_60,uav_esp,data/crossgeo-paper85/scenes/0141/uav/esp/0141_45_60.esp,605273,1a4d0fdf5296396a2bf70f5a8c224dfe396a39cdf439647c3394ff7f76179396
0141,45_60,uav_reconstruction_xml,data/crossgeo-paper85/scenes/0141/uav/reconstruction_xml/0141_45_60.xml,648731,67ed2af1b7d26c77e02c1bac43675597beb4dbc58b353c8ae3be44a40cfb6d16
0141,45_90,uav_esp,data/crossgeo-paper85/scenes/0141/uav/esp/0141_45_90.esp,605208,fc2f6b9400eec4226a0d2a85a2269b36f1813d291e8dd72da12f76408e664b95
0141,45_90,uav_reconstruction_xml,data/crossgeo-paper85/scenes/0141/uav/reconstruction_xml/0141_45_90.xml,568151,c66b74ba467afcd68ef9511d066d068296f338c1411d20174e46f747d16d7b1d
0141,70_30,uav_esp,data/crossgeo-paper85/scenes/0141/uav/esp/0141_70_30.esp,605571,4c450c8f183a74d4cab968a5165c5aa98257d200b74130f907111a5637a4938b
0141,70_30,uav_reconstruction_xml,data/crossgeo-paper85/scenes/0141/uav/reconstruction_xml/0141_70_30.xml,658505,3a62612377b4c7bc980a8cf644dd1c91e7b71bbc898dc1dc060fd3624d4fe528
0141,,ground_panoids,scenes/0141/ground/panoids.json,32412,9fbd804da7ab89a50af4efafd6606b03a4008fad1ca311a27ccf95a369d4af7b
0147,100_30,uav_esp,data/crossgeo-paper85/scenes/0147/uav/esp/0147_100_30.esp,606019,ebbf923e2ee0096380103259e766b1e5abb1e608fdec5247534134a790b8602e
0147,100_30,uav_reconstruction_xml,data/crossgeo-paper85/scenes/0147/uav/reconstruction_xml/0147_100_30.xml,656808,04cdbb86b60ac3efc56f43c6f26027a7abdf6704c4a230fc0326b08d3838d49e
0147,45_30,uav_esp,data/crossgeo-paper85/scenes/0147/uav/esp/0147_45_30.esp,606005,46fa8c29f73a3c9d6522f56b398ef4448b59dc177596c32dd6a20b07a9191c36
0147,45_30,uav_reconstruction_xml,data/crossgeo-paper85/scenes/0147/uav/reconstruction_xml/0147_45_30.xml,640191,685f0f32c26a2ac52ea7941200e4d6628bee9dd400b90c46fddf89d3f5397e40
0147,45_60,uav_esp,data/crossgeo-paper85/scenes/0147/uav/esp/0147_45_60.esp,605682,a2d74962633ce5853c57b87269196d1e2271007a5b02f88be3939564beec4946
0147,45_60,uav_reconstruction_xml,data/crossgeo-paper85/scenes/0147/uav/reconstruction_xml/0147_45_60.xml,645354,9271e087b0cce028ca24fa3d9a2d03f1368a48374c2ab2021bf37d24dc8541db
0147,45_90,uav_esp,data/crossgeo-paper85/scenes/0147/uav/esp/0147_45_90.esp,605617,285a6b2d27fa8eaaf3cfec58f194cfccb142b4032aa254a0aa9ff1f3c34442aa
0147,45_90,uav_reconstruction_xml,data/crossgeo-paper85/scenes/0147/uav/reconstruction_xml/0147_45_90.xml,648487,5fa7b30cee170b288a0a3ae4a06a83d835bca3492f4ad83d1eac86e4dc9dd850
0147,70_30,uav_esp,data/crossgeo-paper85/scenes/0147/uav/esp/0147_70_30.esp,606000,2aa249d425117a2d196800b275d8a0ae9ab0ebc340566b41cf05dea73a282017
0147,70_30,uav_reconstruction_xml,data/crossgeo-paper85/scenes/0147/uav/reconstruction_xml/0147_70_30.xml,656300,cbeb054d58c0feb8426a9e493a31534ce8be9e74059900ce988572f70963f27d
0147,,ground_panoids,scenes/0147/ground/panoids.json,85950,2ce28fd71b524d91d8d15ed11080732180b30d20f097a42503d599744b90bda2
0148,100_30,uav_esp,data/crossgeo-paper85/scenes/0148/uav/esp/0148_100_30.esp,605967,8266a830aae7733dfb7ecea5c880707f9e2a7477febbb042b74599e709269351
0148,100_30,uav_reconstruction_xml,data/crossgeo-paper85/scenes/0148/uav/reconstruction_xml/0148_100_30.xml,653413,d5577de149186a068cb035fd477d469bf9c737bb554aa31f60a3450023632daa
0148,45_30,uav_esp,data/crossgeo-paper85/scenes/0148/uav/esp/0148_45_30.esp,605807,4788373a2fdcec4e711f8c543a16c1be445584c6b8e6aa65e4b64ea6486cb544
0148,45_30,uav_reconstruction_xml,data/crossgeo-paper85/scenes/0148/uav/reconstruction_xml/0148_45_30.xml,620425,25f55ab2c907984ffd2da2bd0d5cc74dac2ccab7e87ad1832b6efadefa8de2a2
0148,45_60,uav_esp,data/crossgeo-paper85/scenes/0148/uav/esp/0148_45_60.esp,605484,cf052dca9192deb66e6712d9777758ba36f0bab794172be4c6a79d227bbc33f5
0148,45_60,uav_reconstruction_xml,data/crossgeo-paper85/scenes/0148/uav/reconstruction_xml/0148_45_60.xml,627696,e38daaa2af80ada6c4d78e73112f6f96a8dc11fc9f5fb33eb0e59e4ff86d86e1
0148,45_90,uav_esp,data/crossgeo-paper85/scenes/0148/uav/esp/0148_45_90.esp,605419,9a7651dca3fa96f6592324e54fb9a22c17daa98b8b8f02996719688fccc8322a
0148,45_90,uav_reconstruction_xml,data/crossgeo-paper85/scenes/0148/uav/reconstruction_xml/0148_45_90.xml,624703,9eb6b56053184da9c8f243e3f0a6bf40dfbffbea601425140a16e358b55b6a72
0148,70_30,uav_esp,data/crossgeo-paper85/scenes/0148/uav/esp/0148_70_30.esp,605841,4500bca343eabc72c74f371ec108fe0db2926993e650a9b409e6968e1b056c4b
0148,70_30,uav_reconstruction_xml,data/crossgeo-paper85/scenes/0148/uav/reconstruction_xml/0148_70_30.xml,650283,80f4499850aecc090009aaa97eef7080042faacc5ada4b020e9c9b0512f3bba3
0148,,ground_panoids,scenes/0148/ground/panoids.json,76598,b3d0eeca5b2cd0414e5cb8052df1405b63dafad56cd944110c601506501e4d7c
0149,100_30,uav_esp,data/crossgeo-paper85/scenes/0149/uav/esp/0149_100_30.esp,605912,833ba61af3f51a34f85604f2079b42513871a34489d2803a015b0f52acafdd42
0149,100_30,uav_reconstruction_xml,data/crossgeo-paper85/scenes/0149/uav/reconstruction_xml/0149_100_30.xml,652430,4d0f0e524d6b0402e1a8c92f9a13458442b065c4c0f8ff887802995b7ec6dd62
0149,45_30,uav_esp,data/crossgeo-paper85/scenes/0149/uav/esp/0149_45_30.esp,605844,f72aea7554fd39ac64472d939e607d6fddc5f6cd8020564416da1526c44b2abe
0149,45_30,uav_reconstruction_xml,data/crossgeo-paper85/scenes/0149/uav/reconstruction_xml/0149_45_30.xml,637205,f34ec6bc2c98130367354097569b6650909d7725259144d57fcdb283a1f0f64e
0149,45_60,uav_esp,data/crossgeo-paper85/scenes/0149/uav/esp/0149_45_60.esp,605521,74478c1c051be5dc53f1d4564aeeac8d4ef7def3592506330d5ae918d7f98a67
0149,45_60,uav_reconstruction_xml,data/crossgeo-paper85/scenes/0149/uav/reconstruction_xml/0149_45_60.xml,644364,6ad33f362ab3234b9474277283a99acd2081b56c0ea5188eb735bf82f8a87657
0149,45_90,uav_esp,data/crossgeo-paper85/scenes/0149/uav/esp/0149_45_90.esp,605456,9b998b61b1b4c79d9827b2a350647fb7be074ae387c62d5443f98768f126bde7
0149,45_90,uav_reconstruction_xml,data/crossgeo-paper85/scenes/0149/uav/reconstruction_xml/0149_45_90.xml,654648,4e05dac6d6cd68f5829cff07a3b7909b640237d01cd8407bad4999a71ab0379c
0149,70_30,uav_esp,data/crossgeo-paper85/scenes/0149/uav/esp/0149_70_30.esp,605814,0016c7eb8506fb61111ebe21880451c426bf485b52bdaff48a8a420f6778ed08
0149,70_30,uav_reconstruction_xml,data/crossgeo-paper85/scenes/0149/uav/reconstruction_xml/0149_70_30.xml,652578,2233a2191ca1691596e11ab92bbcb841d7fadd121792745b57d24a6546a8e1f6
0149,,ground_panoids,scenes/0149/ground/panoids.json,139767,6a796ca6614043af97fdc5a7f013f4a4683050e6aeaa26626d7ec76636196db5
0151,100_30,uav_esp,data/crossgeo-paper85/scenes/0151/uav/esp/0151_100_30.esp,606084,21f14101fc05c9a8609876bbe8d27bc20d441e4de952407527939cd942669ed7
0151,100_30,uav_reconstruction_xml,data/crossgeo-paper85/scenes/0151/uav/reconstruction_xml/0151_100_30.xml,658476,ac6af2a3e3db566f58eb75dea1023f317b4ce33b69d9875a0172818b0e762f7c
0151,45_30,uav_esp,data/crossgeo-paper85/scenes/0151/uav/esp/0151_45_30.esp,606118,9cfd8a316a1c5868fa4aefdfede94decfa21b305f90b095b022a4f3e1ff3f4e1
0151,45_30,uav_reconstruction_xml,data/crossgeo-paper85/scenes/0151/uav/reconstruction_xml/0151_45_30.xml,649105,af898d02ae250f28753f7d47dcece9aaa064926a62ea23fb4090b01df5b786b9
0151,45_60,uav_esp,data/crossgeo-paper85/scenes/0151/uav/esp/0151_45_60.esp,605795,3263b0a1504a5f774f9947261142e632ccb30155e0f2b66171e13b5707fede9d
0151,45_60,uav_reconstruction_xml,data/crossgeo-paper85/scenes/0151/uav/reconstruction_xml/0151_45_60.xml,648844,69ebcc0dc90fe2760b90e5adae629468ed0c6e448b50bf65508ab91b339aca30
0151,45_90,uav_esp,data/crossgeo-paper85/scenes/0151/uav/esp/0151_45_90.esp,605730,30b5443329b01a69733eb39169cfb240d71f536cbee3958bdfe73c6af9187d40
0151,45_90,uav_reconstruction_xml,data/crossgeo-paper85/scenes/0151/uav/reconstruction_xml/0151_45_90.xml,458105,91582336d7fb26c5a6c8a524c47fe927a0dbe64e10614f6c793d0a3bae083ed0
0151,70_30,uav_esp,data/crossgeo-paper85/scenes/0151/uav/esp/0151_70_30.esp,606105,7d5cbd0a5042ee9c8f1056dc2ad7ec30172a21d486f5f01ff4267c49700943d9
0151,70_30,uav_reconstruction_xml,data/crossgeo-paper85/scenes/0151/uav/reconstruction_xml/0151_70_30.xml,658610,2eba9f53610c365a643ad7d7a76a389bef0b6d6754845b6064b76cbf18d53c50
0151,,ground_panoids,scenes/0151/ground/panoids.json,40829,4925ae7157289b9b7ff7a383ce0c0101a3bdbeee06e0b5d8614b8d09b5fab81d
0160,100_30,uav_esp,data/crossgeo-paper85/scenes/0160/uav/esp/0160_100_30.esp,606373,0450673d5feaefd41cc0a7ff67f0c0c737c8068dfb8a3df897a0ca1915f402a3
0160,100_30,uav_reconstruction_xml,data/crossgeo-paper85/scenes/0160/uav/reconstruction_xml/0160_100_30.xml,659242,fc9695e4d7287eccb4400fce8ce4ea166c50966cfd1bf95ebdca3670d2b0cc99
0160,45_30,uav_esp,data/crossgeo-paper85/scenes/0160/uav/esp/0160_45_30.esp,606134,1774968f1438f7798ae6d856cf43041dceff10bc54c0f5031a6c46bde6e2b9ae
0160,45_30,uav_reconstruction_xml,data/crossgeo-paper85/scenes/0160/uav/reconstruction_xml/0160_45_30.xml,651637,7a4abfc0f68a0aa39a988025aaf5c652f677d8f94bb4fb78c668a87cd5d75b84
0160,45_60,uav_esp,data/crossgeo-paper85/scenes/0160/uav/esp/0160_45_60.esp,605811,8da2a2fe19f846b6724b55d0ecf9d0812c7331b9273aa0a13bb35ed20bcd0201
0160,45_60,uav_reconstruction_xml,data/crossgeo-paper85/scenes/0160/uav/reconstruction_xml/0160_45_60.xml,654411,3fa66cab9df9b1d9ee00d0914fb9e689161ff8f2dfd11d2aa7e96869dce903ef
0160,45_90,uav_esp,data/crossgeo-paper85/scenes/0160/uav/esp/0160_45_90.esp,605746,58ca2fcb0d3ab82660a084d077eb9ea450afec083004a6a4f922572a19cdb0bd
0160,45_90,uav_reconstruction_xml,data/crossgeo-paper85/scenes/0160/uav/reconstruction_xml/0160_45_90.xml,496263,f7d3397f8fe0d2d45d990aef49a9fd9290a71e969bee8462270376d490c3d5ae
0160,70_30,uav_esp,data/crossgeo-paper85/scenes/0160/uav/esp/0160_70_30.esp,606373,77971309a1c9cf028a03e9de84bbf2d4db9c76c9da0baf8441a55bf0eafa5461
0160,70_30,uav_reconstruction_xml,data/crossgeo-paper85/scenes/0160/uav/reconstruction_xml/0160_70_30.xml,657019,b8666f12303e593bd720b759e1e94f7818b57ac753a977accc09494455fee1cd
0160,,ground_panoids,scenes/0160/ground/panoids.json,92594,f4cf6ff555d3468f116fe06377186bd1eae019a58059322c59dc826a090ddbd4
0176,100_30,uav_esp,data/crossgeo-paper85/scenes/0176/uav/esp/0176_100_30.esp,605936,85226695e91a2cd709f504547dab10d7f5c68018a9f10dd4b4ca22d10abd804f
0176,100_30,uav_reconstruction_xml,data/crossgeo-paper85/scenes/0176/uav/reconstruction_xml/0176_100_30.xml,660190,08050e6da078d32a26684673ea1a50b040e1eb3c81281dd137c7637154661a7a
0176,45_30,uav_esp,data/crossgeo-paper85/scenes/0176/uav/esp/0176_45_30.esp,605907,58744233dea545d012c624a1478829d89ec2b9f48ad11811bb264158f10cdadf
0176,45_30,uav_reconstruction_xml,data/crossgeo-paper85/scenes/0176/uav/reconstruction_xml/0176_45_30.xml,648018,2432779e57bdc7748cd70e8d8a50b6882d1d709330bafccdb67d8231b507187c
0176,45_60,uav_esp,data/crossgeo-paper85/scenes/0176/uav/esp/0176_45_60.esp,605584,ff2cf69c1f5f58542fc5d267805634ff6cb28a63c8f1b96a80f5f9afae09c7c3
0176,45_60,uav_reconstruction_xml,data/crossgeo-paper85/scenes/0176/uav/reconstruction_xml/0176_45_60.xml,652706,58c30e56bf48a1f29c71b9b4347fca95422c860c0269114c191b34c75fd4936b
0176,45_90,uav_esp,data/crossgeo-paper85/scenes/0176/uav/esp/0176_45_90.esp,605519,3ea5e5dffda54c4a60c9ef33de7367439e5cb6845fa527319f71f95f32b41638
0176,45_90,uav_reconstruction_xml,data/crossgeo-paper85/scenes/0176/uav/reconstruction_xml/0176_45_90.xml,628269,3056f153eee0ff3e2416a5a6eccfddc131b9434a6b72f9688753dfb54c2ee644
0176,70_30,uav_esp,data/crossgeo-paper85/scenes/0176/uav/esp/0176_70_30.esp,605917,57dd4018d43e88a92b6d60b951aff5b430e7260d39c11bff98275092109ebb7e
0176,70_30,uav_reconstruction_xml,data/crossgeo-paper85/scenes/0176/uav/reconstruction_xml/0176_70_30.xml,659822,2f1157a198c9270dc3b6779c746bc29b020d16e95445c277728893ef829f9745
0176,,ground_panoids,scenes/0176/ground/panoids.json,49318,ab2798cfaceb3f38d8e2c9d0aa0a2dc34d59952f0065de7401b404b726780085
0190,100_30,uav_esp,data/crossgeo-paper85/scenes/0190/uav/esp/0190_100_30.esp,606018,613e0fdee9582c8ee6c20b73bd32f4113498efcabe6476c7b334542df99f6563
0190,100_30,uav_reconstruction_xml,data/crossgeo-paper85/scenes/0190/uav/reconstruction_xml/0190_100_30.xml,659555,51353e9a2e98dca8fb41066a76331ceece057492c5bea167b4935b5d2b610eb3
0190,45_30,uav_esp,data/crossgeo-paper85/scenes/0190/uav/esp/0190_45_30.esp,606004,89c11729f6177415ed0af1566db13b65f25f32693e56a3d4497e2919e7f8f535
0190,45_30,uav_reconstruction_xml,data/crossgeo-paper85/scenes/0190/uav/reconstruction_xml/0190_45_30.xml,644967,a0056b24bfb4a48148f68ece2bf854a70fce839f6e1b1260ab4bbde1b2932306
0190,45_60,uav_esp,data/crossgeo-paper85/scenes/0190/uav/esp/0190_45_60.esp,605681,f0655dcde84530578fbde449acaf0cfa220354d5172307b8e52878b61e4fbc6d
0190,45_60,uav_reconstruction_xml,data/crossgeo-paper85/scenes/0190/uav/reconstruction_xml/0190_45_60.xml,644966,f95bbd291990918d43307391be066ce5a37443843e03d529b868a105be4b6237
0190,45_90,uav_esp,data/crossgeo-paper85/scenes/0190/uav/esp/0190_45_90.esp,605616,1d2a4fdef177288e5e25c14027f35337830fbb8af375bc16fead0a9629e0b69e
0190,45_90,uav_reconstruction_xml,data/crossgeo-paper85/scenes/0190/uav/reconstruction_xml/0190_45_90.xml,655197,652d137380ca6597a5b7e19324179e19a2ff6e376bcfe1da76a1a3938f3dcbbe
0190,70_30,uav_esp,data/crossgeo-paper85/scenes/0190/uav/esp/0190_70_30.esp,605999,a160ba3c1295e556d44b11113169171fb66b21f0e603a9873710571137294a3e
0190,70_30,uav_reconstruction_xml,data/crossgeo-paper85/scenes/0190/uav/reconstruction_xml/0190_70_30.xml,656491,7be5fdef93bb72fc5a3417f418a64047cdca8651443202fb0629a9ffe0b158ea
0190,,ground_panoids,scenes/0190/ground/panoids.json,59995,7d2b8932d54515531e4dae84640166967600cd276bad104c94661e84dbe2c7fb
0197,100_30,uav_esp,data/crossgeo-paper85/scenes/0197/uav/esp/0197_100_30.esp,606053,7acf34a33f2139a4620d464be2a1387d01662ee24356a487010dfbe498523ff6
0197,100_30,uav_reconstruction_xml,data/crossgeo-paper85/scenes/0197/uav/reconstruction_xml/0197_100_30.xml,660607,4173175be57078b8f97d0918128d3da2a61294ae56f29f09e1bd8f5e18442c95
0197,45_30,uav_esp,data/crossgeo-paper85/scenes/0197/uav/esp/0197_45_30.esp,606087,048c3991c2f645dd31202c9edf6ecea3c6d45dbe07fde8cc815ea784af8e7262
0197,45_30,uav_reconstruction_xml,data/crossgeo-paper85/scenes/0197/uav/reconstruction_xml/0197_45_30.xml,653800,4f60971732655265816ffde54f7ee86d077289b4b65e246490a3e89e12eac045
0197,45_60,uav_esp,data/crossgeo-paper85/scenes/0197/uav/esp/0197_45_60.esp,605764,b6499341f0ec4d75eba5d94855fe0666eb972123fc7ad40a7107ca33136afac4
0197,45_60,uav_reconstruction_xml,data/crossgeo-paper85/scenes/0197/uav/reconstruction_xml/0197_45_60.xml,655040,3b171285dde6018b3206e1fad5ebf4b4c62cdbb8a54ef7328017f264de618f42
0197,45_90,uav_esp,data/crossgeo-paper85/scenes/0197/uav/esp/0197_45_90.esp,605699,7dd52007d1ecbafeaf11e9319a11de9432c570874eb4bf19c37c3d65be231878
0197,45_90,uav_reconstruction_xml,data/crossgeo-paper85/scenes/0197/uav/reconstruction_xml/0197_45_90.xml,539708,1bc0c0274f129a45d6c98dc14f69365fbe567e64b42b9a7cb162cefa103eb97b
0197,70_30,uav_esp,data/crossgeo-paper85/scenes/0197/uav/esp/0197_70_30.esp,606074,628b65332ff3c43b9a60d5d0c6f3b1f308d21b66b7622de9b46d12fcba54e38d
0197,70_30,uav_reconstruction_xml,data/crossgeo-paper85/scenes/0197/uav/reconstruction_xml/0197_70_30.xml,657736,735e5d0fb1a2aebc1782ef463d73dfdad3f64cac785d9e815cf02691461f0e7f
0197,,ground_panoids,scenes/0197/ground/panoids.json,108638,3116a7d5293fa7583223e4f38221db1f8d0950b691500782ff16704ff7e8438f
0200,100_30,uav_esp,data/crossgeo-paper85/scenes/0200/uav/esp/0200_100_30.esp,606342,7540e6231e0760e48fe697acd73eef99c5585fe1f89b8203336c075e8eb50ef0
0200,100_30,uav_reconstruction_xml,data/crossgeo-paper85/scenes/0200/uav/reconstruction_xml/0200_100_30.xml,656847,dd6a4332c13faa7888141b75ae095674d8941bc277e2ae15d3ad8877f6f76a50
0200,45_30,uav_esp,data/crossgeo-paper85/scenes/0200/uav/esp/0200_45_30.esp,605768,e24a816b152eec5206c4a722eed5b9009f0d9a4c4f13190576a7b3485fefb4af
0200,45_30,uav_reconstruction_xml,data/crossgeo-paper85/scenes/0200/uav/reconstruction_xml/0200_45_30.xml,634759,9edfa1b3bf7ba44ef3bd98594a0b31250add5668eb768261f80474336c558808
0200,45_60,uav_esp,data/crossgeo-paper85/scenes/0200/uav/esp/0200_45_60.esp,605445,10643552076869406cb727f647a3113d458fc59be70558b503ccbb07eb31c284
0200,45_60,uav_reconstruction_xml,data/crossgeo-paper85/scenes/0200/uav/reconstruction_xml/0200_45_60.xml,645002,eda14a74577dd5a9a6889508d9de1d61a216065b4340f38cdc9493fefd820a7b
0200,45_90,uav_esp,data/crossgeo-paper85/scenes/0200/uav/esp/0200_45_90.esp,605380,61cdd77084731cea5422a39756cce6c4ec879dfd60e419f6b138be8da19680b7
0200,45_90,uav_reconstruction_xml,data/crossgeo-paper85/scenes/0200/uav/reconstruction_xml/0200_45_90.xml,654453,2df9b52f7dd4db641a0d9bc29b96152abd4c3911ee341f9a9600f88b3bbccce0
0200,70_30,uav_esp,data/crossgeo-paper85/scenes/0200/uav/esp/0200_70_30.esp,605754,debaa308d8ce003b8a1b0c7c99821b69d2788a7c19ea39ee6c59f04c92fde2bc
0200,70_30,uav_reconstruction_xml,data/crossgeo-paper85/scenes/0200/uav/reconstruction_xml/0200_70_30.xml,656271,1811f7210f6403074acb8afc2fe16f88fa296d3a9292c9c7727a73aa04959fea
0200,,ground_panoids,scenes/0200/ground/panoids.json,35920,c6afd79d6520bbb3c2b184e0128ba6afff741b56a632b4c6d533ac24ae6140f3
0205,100_30,uav_esp,data/crossgeo-paper85/scenes/0205/uav/esp/0205_100_30.esp,606139,b687c8e82e0524b1d007df46521e3f7cd009d29847b091bd5b6432056dd39733
0205,100_30,uav_reconstruction_xml,data/crossgeo-paper85/scenes/0205/uav/reconstruction_xml/0205_100_30.xml,659414,1462aacd37288d79279bc1117f634368076ad04afd2a10ddc93f3f5766b2d72e
0205,45_30,uav_esp,data/crossgeo-paper85/scenes/0205/uav/esp/0205_45_30.esp,605800,90b9a05d8bbed4151c5316d3e65e5b141bdea948040fb1b3cf739bcb16e5ac9c
0205,45_30,uav_reconstruction_xml,data/crossgeo-paper85/scenes/0205/uav/reconstruction_xml/0205_45_30.xml,641621,3bba67bd39293e9b3de6f603d878a9a6d64950be276d67f8bbd7f6191f3ca89c
0205,45_60,uav_esp,data/crossgeo-paper85/scenes/0205/uav/esp/0205_45_60.esp,605477,a3ea011349cc91fa6ac72b47421c0abedaa47d0fdfea377a56cf9c7a3a82418a
0205,45_60,uav_reconstruction_xml,data/crossgeo-paper85/scenes/0205/uav/reconstruction_xml/0205_45_60.xml,650823,2c73d36d0bc86459c846fb4b92a29a9ed18d206fd1476e39062f634132541f9a
0205,45_90,uav_esp,data/crossgeo-paper85/scenes/0205/uav/esp/0205_45_90.esp,605412,dd353285f13b426069d9260bcf984bec467c2feb4f8b707bbf431c16261eaeb1
0205,45_90,uav_reconstruction_xml,data/crossgeo-paper85/scenes/0205/uav/reconstruction_xml/0205_45_90.xml,524725,38b174d25aa16881e41ae939f89b65f7965e5e0eff4e6cd793cfb675f0977f7e
0205,70_30,uav_esp,data/crossgeo-paper85/scenes/0205/uav/esp/0205_70_30.esp,605781,e9fd62a677692ef4e42a6af8a221b4f570909ea8e8ccc0621aa97fd66a5b8b76
0205,70_30,uav_reconstruction_xml,data/crossgeo-paper85/scenes/0205/uav/reconstruction_xml/0205_70_30.xml,658162,2071d4e6b4f84f231af20af2d02e9c3c46f142788f94f022009a322877e70a0a
0205,,ground_panoids,scenes/0205/ground/panoids.json,265712,150ec3a6edd3fecf706c453eb1f35f784ef2827ab8d3e2835f4a5a2551e5cf78
0214,100_30,uav_esp,data/crossgeo-paper85/scenes/0214/uav/esp/0214_100_30.esp,606571,3178b141a5bb35b614785a5a8e77ae68eb9e7724a86f4aa5bdadfb6e840b384e
0214,100_30,uav_reconstruction_xml,data/crossgeo-paper85/scenes/0214/uav/reconstruction_xml/0214_100_30.xml,661009,be345e546b66b1fff2c8abe60026afa90ac5cb7e5e4fabda5ea8e1724cd14244
0214,45_30,uav_esp,data/crossgeo-paper85/scenes/0214/uav/esp/0214_45_30.esp,606257,77e969466e1a0dc385526c427a13bfacc243211957394fe7494fd6762f8a6f33
0214,45_30,uav_reconstruction_xml,data/crossgeo-paper85/scenes/0214/uav/reconstruction_xml/0214_45_30.xml,658115,b29fbb889e1b3ff6f35c2529d3cbd1b2a31ae7a17713d756bb581bc0970a28ef
0214,45_60,uav_esp,data/crossgeo-paper85/scenes/0214/uav/esp/0214_45_60.esp,605934,ee527a4b97c5857d7417daf5389dbb65f314cb8852668d084e410c6f659b9993
0214,45_60,uav_reconstruction_xml,data/crossgeo-paper85/scenes/0214/uav/reconstruction_xml/0214_45_60.xml,659010,357259bc2d3b8004deb9f924bbda9501cdf777bf22b783d1cef4a925d935b45a
0214,45_90,uav_esp,data/crossgeo-paper85/scenes/0214/uav/esp/0214_45_90.esp,605869,9f4fad5d4ca0475b6c3f9588071b7b1b697da5703e8623e708febf3f093cfa52
0214,45_90,uav_reconstruction_xml,data/crossgeo-paper85/scenes/0214/uav/reconstruction_xml/0214_45_90.xml,645312,56890394f28bc45bf0aa67e1b9076c140f983e8b0eebdb50a6f932e3a84676ea
0214,70_30,uav_esp,data/crossgeo-paper85/scenes/0214/uav/esp/0214_70_30.esp,606581,14cb084ff6831b4770c77b0becc4fbbb0251503b72e9cbc145dcf9fab496f770
0214,70_30,uav_reconstruction_xml,data/crossgeo-paper85/scenes/0214/uav/reconstruction_xml/0214_70_30.xml,659137,eb7f099dea04ab67afb46e0fd75d56a92b24c7e4a6383fe91ff9703d96b97884
0214,,ground_panoids,scenes/0214/ground/panoids.json,175699,90749c56352c3a50df2463155522780ce35200fd4437ae0367c8dc858e753b8b
0224,100_30,uav_esp,data/crossgeo-paper85/scenes/0224/uav/esp/0224_100_30.esp,605708,2dec6c55565bb8c58fbf17e86062a6ccbfcda0275d419d46fc5ab9d8134687cd
0224,100_30,uav_reconstruction_xml,data/crossgeo-paper85/scenes/0224/uav/reconstruction_xml/0224_100_30.xml,655901,4a91ca2f9e61dfb0e3e174f418a8f0c17e935066172032329f30e9d9293e9611
0224,45_30,uav_esp,data/crossgeo-paper85/scenes/0224/uav/esp/0224_45_30.esp,605742,b578065ea227420b4ec5cd48f6e00c0b9ea727a6a8526dc12c71025b52825e14
0224,45_30,uav_reconstruction_xml,data/crossgeo-paper85/scenes/0224/uav/reconstruction_xml/0224_45_30.xml,641803,f623e3c01fd2d1a8ff272f2ca86c2dfc54269244deacf0fefaaea24f1a2206ea
0224,45_60,uav_esp,data/crossgeo-paper85/scenes/0224/uav/esp/0224_45_60.esp,605419,307f39997cb7589a29c3e7cb4e8a5295c32c0f2c09ce0f53515f26ae3cf9a13f
0224,45_60,uav_reconstruction_xml,data/crossgeo-paper85/scenes/0224/uav/reconstruction_xml/0224_45_60.xml,643080,aad9ca648326d028d68419f15bd32d94c7d3bc026bc26a89c14629c50e978da5
0224,45_90,uav_esp,data/crossgeo-paper85/scenes/0224/uav/esp/0224_45_90.esp,605354,8b1d08c5ba802e15bd0279589524bd0b51cd71f081778183e3d1e62b2082eca5
0224,45_90,uav_reconstruction_xml,data/crossgeo-paper85/scenes/0224/uav/reconstruction_xml/0224_45_90.xml,605153,e8f1643167cc61645e43eb5028748f96426bd47bb6923d1159762a2d916a4fd6
0224,70_30,uav_esp,data/crossgeo-paper85/scenes/0224/uav/esp/0224_70_30.esp,605729,80567812ba36733c7ecbe7df9306d8946e57605144bedc4c7e6ea864a9249d4e
0224,70_30,uav_reconstruction_xml,data/crossgeo-paper85/scenes/0224/uav/reconstruction_xml/0224_70_30.xml,653470,f9bcb5da1d405d5d49e7bb5dd68245dd957a7870505796bb0db9b2e8fb8890e3
0224,,ground_panoids,scenes/0224/ground/panoids.json,35748,395d54281f7bd5780edf2d138404f0a3740a4ad36394fc44c6a91ce40fb8f25f
0229,100_30,uav_esp,data/crossgeo-paper85/scenes/0229/uav/esp/0229_100_30.esp,606118,70b757e3159aa57875c9b68b5f509f1f1fbebb770d35a2489de56e121ba54e26
0229,100_30,uav_reconstruction_xml,data/crossgeo-paper85/scenes/0229/uav/reconstruction_xml/0229_100_30.xml,656982,7758902d84855893dec3dece61f3d35526ef3a41e80e5a4d2f9485a1ffe43b84
0229,45_30,uav_esp,data/crossgeo-paper85/scenes/0229/uav/esp/0229_45_30.esp,606089,7642d9365d8b5dcdb6d136766ef1c7a0d6f836f920e99bed76dbf41553f5d58d
0229,45_30,uav_reconstruction_xml,data/crossgeo-paper85/scenes/0229/uav/reconstruction_xml/0229_45_30.xml,500473,fcc9af3e077aee7f01654432f4246a2e48cf1573a22cf26e76c199b07c1e96db
0229,45_60,uav_esp,data/crossgeo-paper85/scenes/0229/uav/esp/0229_45_60.esp,605766,f6e0396f0ce94e8167506e2cfe3b9347ff82edf017d494d1af62d1d2512914d5
0229,45_60,uav_reconstruction_xml,data/crossgeo-paper85/scenes/0229/uav/reconstruction_xml/0229_45_60.xml,618936,ab52593e7965c72aaef06673362e559fbbc42887860e21633341be9b6e840435
0229,45_90,uav_esp,data/crossgeo-paper85/scenes/0229/uav/esp/0229_45_90.esp,605701,b7e468de18cd3a1477441937b8a6b69ea14d609501228b189399bc92ad72d3ae
0229,45_90,uav_reconstruction_xml,data/crossgeo-paper85/scenes/0229/uav/reconstruction_xml/0229_45_90.xml,611275,601265e86e6ef19ad2f625392ec5c677474b07795b0a5313719a7672e0c0c1de
0229,70_30,uav_esp,data/crossgeo-paper85/scenes/0229/uav/esp/0229_70_30.esp,606099,d4f657a8a400494dfdd5878191f868b141535ca7b4c7aa0b1983b80fe92b2765
0229,70_30,uav_reconstruction_xml,data/crossgeo-paper85/scenes/0229/uav/reconstruction_xml/0229_70_30.xml,638197,7f9c67dfb78cf9176bb98b8083698828799b82d344eaaf1a318ba1faa566db91
0229,,ground_panoids,scenes/0229/ground/panoids.json,51700,c56b1e13381a7f70a8839b575866b3e1d9f497037b6c7415cf93d798184fda18
0231,100_30,uav_esp,data/crossgeo-paper85/scenes/0231/uav/esp/0231_100_30.esp,606326,26f72d1f79831054960b2dee9b7bd05a32c8263728b4d67cf69c3c1eaeda10d8
0231,100_30,uav_reconstruction_xml,data/crossgeo-paper85/scenes/0231/uav/reconstruction_xml/0231_100_30.xml,659204,d151d0b53213c089f8c0b118fbb9e7335f1f2f3b2cb42730a98f43a158730ec3
0231,45_30,uav_esp,data/crossgeo-paper85/scenes/0231/uav/esp/0231_45_30.esp,605752,30bcb5d737637788ac03e9d2ecc06f8af7dd96fb5bc0bb06e78a39a85f875b16
0231,45_30,uav_reconstruction_xml,data/crossgeo-paper85/scenes/0231/uav/reconstruction_xml/0231_45_30.xml,641784,ee15d7b2d4126bf5cf142bafe0289d8824c0d397cc83ed480cac647eaccc98d1
0231,45_60,uav_esp,data/crossgeo-paper85/scenes/0231/uav/esp/0231_45_60.esp,605429,d80cce39e6ebf69429e0591a960e90ee4e73fa443a9c001e68d04144a2fe93a6
0231,45_60,uav_reconstruction_xml,data/crossgeo-paper85/scenes/0231/uav/reconstruction_xml/0231_45_60.xml,647784,720218c79338cb4ec0fcbb4c0a263097cf0ed7d876cf2329a5db4e9fe788b5af
0231,45_90,uav_esp,data/crossgeo-paper85/scenes/0231/uav/esp/0231_45_90.esp,605364,43fa16c14202d245211b997fd1573cbf1dd0d33014c1b1ef9618d2a9b4ea8df5
0231,45_90,uav_reconstruction_xml,data/crossgeo-paper85/scenes/0231/uav/reconstruction_xml/0231_45_90.xml,657568,eba8121e5274d131e9be6bb604478ddb3c6c2f3d4c9dd68ea6fcae12c266b5ee
0231,70_30,uav_esp,data/crossgeo-paper85/scenes/0231/uav/esp/0231_70_30.esp,605738,1918b0e4d960d255cc473f3ef149b4bfe2a98516f2fe34159780cdff718b1c3b
0231,70_30,uav_reconstruction_xml,data/crossgeo-paper85/scenes/0231/uav/reconstruction_xml/0231_70_30.xml,658194,83c286fb4a9387f7272c4eb0fc036dffd13eaf2ca09bc80883a451ff295c0810
0231,,ground_panoids,scenes/0231/ground/panoids.json,43206,d3cd50f4545d7d113298715d2abe051ea5e17c0f62bea4481ecf2400c134e249
0235,100_30,uav_esp,data/crossgeo-paper85/scenes/0235/uav/esp/0235_100_30.esp,605681,46c42a979f38d2ec69e8ef30c8ab8310ba2f52dda61a074d77be5d9352204650
0235,100_30,uav_reconstruction_xml,data/crossgeo-paper85/scenes/0235/uav/reconstruction_xml/0235_100_30.xml,659768,253c95ebc8acb7b753282ec9d1566942b1382dca77bcaf9a71f30811a9934fa7
0235,45_30,uav_esp,data/crossgeo-paper85/scenes/0235/uav/esp/0235_45_30.esp,605700,439766d90fe3621e7592962b42a0cded31e90a557c1d276ebcea316d867c4d7c
0235,45_30,uav_reconstruction_xml,data/crossgeo-paper85/scenes/0235/uav/reconstruction_xml/0235_45_30.xml,485241,710e5bbf044d1eaf1d5410db75659e76da6981992bf164a9feab0e1584085e61
0235,45_60,uav_esp,data/crossgeo-paper85/scenes/0235/uav/esp/0235_45_60.esp,605377,1b261aae0e6729b07eacd624f7b451fae2034c6cda95350893e92ff9aa873b3d
0235,45_60,uav_reconstruction_xml,data/crossgeo-paper85/scenes/0235/uav/reconstruction_xml/0235_45_60.xml,650214,a76e701735a7adddb21617cad059310eb98805fe910b74d56028ea34fc405153
0235,45_90,uav_esp,data/crossgeo-paper85/scenes/0235/uav/esp/0235_45_90.esp,605312,663edc60fb091eeac7bc2793c9a98d7ecbb0cd5bc7fa655e659dfadc7d0295f1
0235,45_90,uav_reconstruction_xml,data/crossgeo-paper85/scenes/0235/uav/reconstruction_xml/0235_45_90.xml,657659,3988fdd251974b5895512ed2c8269ecc1079b82e1776108a6bfe913f79d066c2
0235,70_30,uav_esp,data/crossgeo-paper85/scenes/0235/uav/esp/0235_70_30.esp,605706,ccd1f8a4c28b05a0c6bd69820d178b830ffdc72b64efbc494a4c93fbc2c4607d
0235,70_30,uav_reconstruction_xml,data/crossgeo-paper85/scenes/0235/uav/reconstruction_xml/0235_70_30.xml,659314,fa41c4ff2fb1f153dbd8c0434ada30c2899de15401c94e7d84d8df38e33b1197
0235,,ground_panoids,scenes/0235/ground/panoids.json,35902,cde64ce50255e64565b69a300568b558a243fadd096e3727356b1ef132d9d85a
0240,100_30,uav_esp,data/crossgeo-paper85/scenes/0240/uav/esp/0240_100_30.esp,606865,e427bee0e9557dd71d94e85ba49bb3700a8dba12290f776a8b9fcddc20b82511
0240,100_30,uav_reconstruction_xml,data/crossgeo-paper85/scenes/0240/uav/reconstruction_xml/0240_100_30.xml,659880,b94ac0a7da1bd9192ead2d63457f3ac4055ac9074239ec517006c87096840576
0240,45_30,uav_esp,data/crossgeo-paper85/scenes/0240/uav/esp/0240_45_30.esp,606864,d206bf40d0fab8c6f34834fce144dbbd43b21d06775643df7271fc28cd4857cc
0240,45_30,uav_reconstruction_xml,data/crossgeo-paper85/scenes/0240/uav/reconstruction_xml/0240_45_30.xml,650862,a38084811653510ca34da5c87c1bb87e18639eb09acda9721aa4e70922c653a0
0240,45_60,uav_esp,data/crossgeo-paper85/scenes/0240/uav/esp/0240_45_60.esp,606541,0f86e2e9958710665869750341f8f988fc6487f4fe57ea6e6e7682537b349527
0240,45_60,uav_reconstruction_xml,data/crossgeo-paper85/scenes/0240/uav/reconstruction_xml/0240_45_60.xml,650779,398f5369a805794c6a99c7d019ae6ffd573caf5c1488a8faaa9d7e0aa5788064
0240,45_90,uav_esp,data/crossgeo-paper85/scenes/0240/uav/esp/0240_45_90.esp,606476,6bb6170f7d9673453a9844455a42993dc98b23543338e42d80a2ed5f1f6873c9
0240,45_90,uav_reconstruction_xml,data/crossgeo-paper85/scenes/0240/uav/reconstruction_xml/0240_45_90.xml,657713,2f842c47f7084de237c229ddeb5540884c043d747d4d7ad06d9b8c0f9a696731
0240,70_30,uav_esp,data/crossgeo-paper85/scenes/0240/uav/esp/0240_70_30.esp,606871,e460854cabbed143027717080604e912b0e90f21ccad622944e6b8d4ccf3da58
0240,70_30,uav_reconstruction_xml,data/crossgeo-paper85/scenes/0240/uav/reconstruction_xml/0240_70_30.xml,655272,81228ab85fd41651f5ce414031204663b0da32a6658991d2e5a1cd144ca51e4a
0240,,ground_panoids,scenes/0240/ground/panoids.json,103793,31fd9d7919682e6cf81ebc272bf29c2590f0f09f1d41f3c6995f1b71ebea1389
0243,100_30,uav_esp,data/crossgeo-paper85/scenes/0243/uav/esp/0243_100_30.esp,605934,d2a390bd78ec69168aea910d9d7fcfb55827555c51a290281242a17a514d2d69
0243,100_30,uav_reconstruction_xml,data/crossgeo-paper85/scenes/0243/uav/reconstruction_xml/0243_100_30.xml,659464,243cba3b220547adc1031e488427cb30165e394cb860c4ae29925ae5427fb45c
0243,45_30,uav_esp,data/crossgeo-paper85/scenes/0243/uav/esp/0243_45_30.esp,605938,d78685609046b7fdf5fea58776634067b09a711de3e3b28688cc22112dc29811
0243,45_30,uav_reconstruction_xml,data/crossgeo-paper85/scenes/0243/uav/reconstruction_xml/0243_45_30.xml,634188,017e0aa8aa670f5fe46c01a577ea5132d856469b9c24ea9bfa6f36fff647bd2c
0243,45_60,uav_esp,data/crossgeo-paper85/scenes/0243/uav/esp/0243_45_60.esp,605615,8d1b24d0c806d2d906abf009383b89b47c49fc4b8b441d16d7d3f2b2da812148
0243,45_60,uav_reconstruction_xml,data/crossgeo-paper85/scenes/0243/uav/reconstruction_xml/0243_45_60.xml,634024,33cc469241e03b451d27a7c2eac0c6fa46fdf89f6adbadaf569c206a798d0bd5
0243,45_90,uav_esp,data/crossgeo-paper85/scenes/0243/uav/esp/0243_45_90.esp,605550,77cdb47e9ba28c5801d5df93e586f81e9499ba845edbf9cb9aa45f634dd438e6
0243,45_90,uav_reconstruction_xml,data/crossgeo-paper85/scenes/0243/uav/reconstruction_xml/0243_45_90.xml,651738,79565ab79cda029c9f3d32c4aafcc736c5062f33483e3fd8cec60505d1110ac3
0243,70_30,uav_esp,data/crossgeo-paper85/scenes/0243/uav/esp/0243_70_30.esp,605962,4ee58d4c5d6da1347f5dcc93a5ce7144670efc0a5844dbe11923a7da2932e023
0243,70_30,uav_reconstruction_xml,data/crossgeo-paper85/scenes/0243/uav/reconstruction_xml/0243_70_30.xml,653514,628ade7373cad93d13142d57ee3f56e69c08ba227300131bb1802a91124dc7ad
0243,,ground_panoids,scenes/0243/ground/panoids.json,87558,61b71799e0a2359a2f3ede54aef15a8d71a4d29cf819ba4b807f34e31572c40a
0252,100_30,uav_esp,data/crossgeo-paper85/scenes/0252/uav/esp/0252_100_30.esp,606513,ae02f34653d746ed07fb186e7978bd71889e5e4d31fda1940b4e7be9197dc024
0252,100_30,uav_reconstruction_xml,data/crossgeo-paper85/scenes/0252/uav/reconstruction_xml/0252_100_30.xml,659222,cb91a273a8def7e644e9f5548c641be194d7096f52a1cd15918739d974dd7e29
0252,45_30,uav_esp,data/crossgeo-paper85/scenes/0252/uav/esp/0252_45_30.esp,605925,92d13d65e944a70e2db2cf143152bb635aca88ec2810a85597e8470ef1bcc3a9
0252,45_30,uav_reconstruction_xml,data/crossgeo-paper85/scenes/0252/uav/reconstruction_xml/0252_45_30.xml,634058,987f56087edf2b028d192788c010ea6e028bc68a64e2718596e3dd30509a04c9
0252,45_60,uav_esp,data/crossgeo-paper85/scenes/0252/uav/esp/0252_45_60.esp,605602,cb00ea4489e48eb78a13cca01b07de81d2438825b7d30a88da8ca919ba571e38
0252,45_60,uav_reconstruction_xml,data/crossgeo-paper85/scenes/0252/uav/reconstruction_xml/0252_45_60.xml,646283,76e0c1a0132ef405a4dd5299d679a27ad3ca925a3b5f89bdce17b9ef94407646
0252,45_90,uav_esp,data/crossgeo-paper85/scenes/0252/uav/esp/0252_45_90.esp,605537,a16b3f1b8d11723e56fcf7e756d3e9b5fd81ba5b055e70639790200040d11620
0252,45_90,uav_reconstruction_xml,data/crossgeo-paper85/scenes/0252/uav/reconstruction_xml/0252_45_90.xml,655706,8bdd607d58dc90013c00c1a2ce4b5e1c4ef1008367345028545294a6f584b21a
0252,70_30,uav_esp,data/crossgeo-paper85/scenes/0252/uav/esp/0252_70_30.esp,606348,689b7d837714bc2fc8e9da7e8c62900ef1ca29ce6911fcda4914a237c7b172c2
0252,70_30,uav_reconstruction_xml,data/crossgeo-paper85/scenes/0252/uav/reconstruction_xml/0252_70_30.xml,656274,50bea156478a5a3e89a4df7e5e89bc765a47920004930033fe658ae37ab4921a
0252,,ground_panoids,scenes/0252/ground/panoids.json,10911,cd8a874a03dd9706021dc122c70a5b1730f28fda5822d805266ce5bd751d1e74
0258,100_30,uav_esp,data/crossgeo-paper85/scenes/0258/uav/esp/0258_100_30.esp,605648,0b286833163dc87b92ae006b45f026505ffaad94fea6c66db27f23f3cf404eb4
0258,100_30,uav_reconstruction_xml,data/crossgeo-paper85/scenes/0258/uav/reconstruction_xml/0258_100_30.xml,658456,e306aa74ee96251aaad6382ccb0408aca00c5f97de8581e3fb766621b99b2952
0258,45_30,uav_esp,data/crossgeo-paper85/scenes/0258/uav/esp/0258_45_30.esp,605580,2e997196e84c93357ce8b1ae22cc6cac4c3ea023798ffb9a2177fa695d80ca55
0258,45_30,uav_reconstruction_xml,data/crossgeo-paper85/scenes/0258/uav/reconstruction_xml/0258_45_30.xml,627807,8712dd3c635758b06da9a61d5db58f0060006eea9fdf7ac60588e901328f1673
0258,45_60,uav_esp,data/crossgeo-paper85/scenes/0258/uav/esp/0258_45_60.esp,605257,a661bde7023683ac69595eb558ee72a39b3d9cc069883d5d7a20f73af4ebac20
0258,45_60,uav_reconstruction_xml,data/crossgeo-paper85/scenes/0258/uav/reconstruction_xml/0258_45_60.xml,642606,5693a40b9e17e4d274cdbceb0d1716b210fbc920404ca2c7e19b46dd96ab95d4
0258,45_90,uav_esp,data/crossgeo-paper85/scenes/0258/uav/esp/0258_45_90.esp,605192,697601175cf1036e436c01635896be681efa4988ca57860423b6d3ac5cd4a346
0258,45_90,uav_reconstruction_xml,data/crossgeo-paper85/scenes/0258/uav/reconstruction_xml/0258_45_90.xml,632630,7024f95708b83be46ed81d5c468b0e546d90088641779dda9c459dc28a9a87ef
0258,70_30,uav_esp,data/crossgeo-paper85/scenes/0258/uav/esp/0258_70_30.esp,605550,f2d262ac1f809047b201138dd81125187ffeff360fcc12f89b8fa3127b74481a
0258,70_30,uav_reconstruction_xml,data/crossgeo-paper85/scenes/0258/uav/reconstruction_xml/0258_70_30.xml,653247,de36acf2e02616857fe5fa227379ed029be12fc3cc342d322b3b8c6569feddee
0258,,ground_panoids,scenes/0258/ground/panoids.json,34198,c0246a1afa0fca87dfc8544a9c17df48fb6abc7fddaba5fd47047c4ebb9265a8
0269,100_30,uav_esp,data/crossgeo-paper85/scenes/0269/uav/esp/0269_100_30.esp,605599,c455a698bb0575b4074f1dd09d718e1fcb306f8eb974557ada9b82f8ceba5c0d
0269,100_30,uav_reconstruction_xml,data/crossgeo-paper85/scenes/0269/uav/reconstruction_xml/0269_100_30.xml,658393,7420d91b4f76dc0b2bcaccc4fdb24bdafa3d1593a6d66193b26829a11622e2bd
0269,45_30,uav_esp,data/crossgeo-paper85/scenes/0269/uav/esp/0269_45_30.esp,605603,bdd54898309dbc2882b1c43d15f520063339453fc87d2a128397fa6c1a974540
0269,45_30,uav_reconstruction_xml,data/crossgeo-paper85/scenes/0269/uav/reconstruction_xml/0269_45_30.xml,642418,9030064c80425d5d77553b66197debfe5617a84bfbdf2b5fe7ee8227276f84f8
0269,45_60,uav_esp,data/crossgeo-paper85/scenes/0269/uav/esp/0269_45_60.esp,605280,c516bf941e07f438383e73c10d625a19a0585ccc8093c4baa2f46824c7467390
0269,45_60,uav_reconstruction_xml,data/crossgeo-paper85/scenes/0269/uav/reconstruction_xml/0269_45_60.xml,589270,a629edbf5fc42d39f94b0cba6ed40a5503af7015b69cec8cf004e521439ea37b
0269,45_90,uav_esp,data/crossgeo-paper85/scenes/0269/uav/esp/0269_45_90.esp,605215,0f7099f886af4290afcab71f06ae351864aecd639a937b790dfec1b3598b67ef
0269,45_90,uav_reconstruction_xml,data/crossgeo-paper85/scenes/0269/uav/reconstruction_xml/0269_45_90.xml,631129,34e573e7f14f68377d712261e695c9ff0fd0ff8783677177d05120eeb6299e38
0269,70_30,uav_esp,data/crossgeo-paper85/scenes/0269/uav/esp/0269_70_30.esp,605629,ad2e5ffabc1a3f2806b7a449c9bbfaecdeea7b30a623bf1eb01f2c0a43be20c4
0269,70_30,uav_reconstruction_xml,data/crossgeo-paper85/scenes/0269/uav/reconstruction_xml/0269_70_30.xml,657489,4db7b65c9e9981278efc5fe877bddbbf1bf13b4900218e820bda3e71008a1743
0269,,ground_panoids,scenes/0269/ground/panoids.json,39169,a9681dd775bf3cb3f3a707d6ceabf1caf35237bcd721eff0b2695fe25856f968
0275,100_30,uav_esp,data/crossgeo-paper85/scenes/0275/uav/esp/0275_100_30.esp,606054,b88861616d99398bd18fe114735d7d48747d1c8a25aa0bd82a3f274ea84b0856
0275,100_30,uav_reconstruction_xml,data/crossgeo-paper85/scenes/0275/uav/reconstruction_xml/0275_100_30.xml,658782,ed0106ad797ef0c052e1c5555784ec39ca2a74e7bdceba29bf7c144db012a41c
0275,45_30,uav_esp,data/crossgeo-paper85/scenes/0275/uav/esp/0275_45_30.esp,606043,9ec6781c7570f2ef443bb58f2b142dded654bd61a18c001b65eae2ec3ae0266a
0275,45_30,uav_reconstruction_xml,data/crossgeo-paper85/scenes/0275/uav/reconstruction_xml/0275_45_30.xml,650205,1c859daea59de77b37943a6083553f7b5b5f9e755e99e2a0fe7920c234b59a55
0275,45_60,uav_esp,data/crossgeo-paper85/scenes/0275/uav/esp/0275_45_60.esp,605720,9250922924cff62a0c99a6dc504a8f801f14c25fba0c32489ab874217d357d28
0275,45_60,uav_reconstruction_xml,data/crossgeo-paper85/scenes/0275/uav/reconstruction_xml/0275_45_60.xml,649654,810fdbc34aa55d2fac2b5bc3179b8cade3edfb73459e573670163df03e53ba34
0275,45_90,uav_esp,data/crossgeo-paper85/scenes/0275/uav/esp/0275_45_90.esp,605655,bd800636f2812001e830546ea60cf5eb173de001f1b75aae8ec17ac17a04e010
0275,45_90,uav_reconstruction_xml,data/crossgeo-paper85/scenes/0275/uav/reconstruction_xml/0275_45_90.xml,540246,bc7c58844af9a9d4c140662d4b1c11cab30876042d2964f7f4315bac49f41e2f
0275,70_30,uav_esp,data/crossgeo-paper85/scenes/0275/uav/esp/0275_70_30.esp,606037,2d51447390095ea21a61ec0e5dc418e33074b118704467d5a82a6ba250e8a26b
0275,70_30,uav_reconstruction_xml,data/crossgeo-paper85/scenes/0275/uav/reconstruction_xml/0275_70_30.xml,660448,13e76a6d2cef00c275582d61f61a3b72461392f6f5c5c6f4ee10ac9d223b9329
0275,,ground_panoids,scenes/0275/ground/panoids.json,69172,3977dbdd1f633df8b1eff9047429ef0772c129342bad3ffafb3feb59076d39aa
0281,100_30,uav_esp,data/crossgeo-paper85/scenes/0281/uav/esp/0281_100_30.esp,606188,5bb1aea83193be46df141fff48e29bbc10cc04022cce54f860d6620a416e091b
0281,100_30,uav_reconstruction_xml,data/crossgeo-paper85/scenes/0281/uav/reconstruction_xml/0281_100_30.xml,660422,a0afeb0c6ff57d6644cd3168384969c40a28ea900d1e0b4dfdda20830bd8e6de
0281,45_30,uav_esp,data/crossgeo-paper85/scenes/0281/uav/esp/0281_45_30.esp,606197,7fe258e6cb714a691ad7e90c7d8fcd6256cc6aa239c19be4d70c86f21e4e2632
0281,45_30,uav_reconstruction_xml,data/crossgeo-paper85/scenes/0281/uav/reconstruction_xml/0281_45_30.xml,644134,708e251c734442c04b3216d5fdf19381b703f4a047633cc280d66d85377ec631
0281,45_60,uav_esp,data/crossgeo-paper85/scenes/0281/uav/esp/0281_45_60.esp,605874,ee3d8a3aa4001bf4aee8237a5d7247faff801cc745b0dafa8561418b768c0b91
0281,45_60,uav_reconstruction_xml,data/crossgeo-paper85/scenes/0281/uav/reconstruction_xml/0281_45_60.xml,650578,7fa10aa6bc685969775da7c42c7b9d5cd6e9a436c2634b16ca9b95951660359b
0281,45_90,uav_esp,data/crossgeo-paper85/scenes/0281/uav/esp/0281_45_90.esp,605809,18b72b5c885157438a6dcce26d1ce7443362103992b7d0d03cf9ba47c26bb2fd
0281,45_90,uav_reconstruction_xml,data/crossgeo-paper85/scenes/0281/uav/reconstruction_xml/0281_45_90.xml,657286,76de0d14b14faee1a9cd7a7df2a3c54d9a63402a5e04a5c13bca9547f2486914
0281,70_30,uav_esp,data/crossgeo-paper85/scenes/0281/uav/esp/0281_70_30.esp,606210,4f4b489bd5545b3db394a0cd640c5f5ecd73ec8aa36c48ad8c30c2bb9367d58f
0281,70_30,uav_reconstruction_xml,data/crossgeo-paper85/scenes/0281/uav/reconstruction_xml/0281_70_30.xml,655306,61ed307a300ebe9282c232bb537cf2c82626732d531ecb5542ebc5b6e7e4a895
0281,,ground_panoids,scenes/0281/ground/panoids.json,61208,f1db8de4d4c633e018bce30dc57c9fcea1a70f28d37ac6fb8fe26ef889f80a8f
0294,100_30,uav_esp,data/crossgeo-paper85/scenes/0294/uav/esp/0294_100_30.esp,605851,8a91ea0e391ce645dcff919c4afd6b33d8f8ce5d3d1b136b53a81863ea955741
0294,100_30,uav_reconstruction_xml,data/crossgeo-paper85/scenes/0294/uav/reconstruction_xml/0294_100_30.xml,658188,0fdc00630e4945bdd9e5f178c0f5a7fa5e13ce274983371634cfde1aab1b5f11
0294,45_30,uav_esp,data/crossgeo-paper85/scenes/0294/uav/esp/0294_45_30.esp,605754,b501764c7802c0078a8667b0928ca57246bbba9fbcd23bd8cb5b4de2ceb38900
0294,45_30,uav_reconstruction_xml,data/crossgeo-paper85/scenes/0294/uav/reconstruction_xml/0294_45_30.xml,644336,6be4bcbd3f70ed0fd846eb3ba8ef700ca4c81bd8a693d1a828016038c1f2db49
0294,45_60,uav_esp,data/crossgeo-paper85/scenes/0294/uav/esp/0294_45_60.esp,605431,e442efbad21a81b2f7ef0f649e64d7e06ece9378ae13963efeb81ee6da35fd90
0294,45_60,uav_reconstruction_xml,data/crossgeo-paper85/scenes/0294/uav/reconstruction_xml/0294_45_60.xml,649320,8b20bc68278240ca0e10e93580503d53e1de2363ca832a2bd68d0d4e031f667a
0294,45_90,uav_esp,data/crossgeo-paper85/scenes/0294/uav/esp/0294_45_90.esp,605366,3b8bbcfe99341e59aac6bf506a1a919fb8e89ea9273f922ef229eae6fb4f8da0
0294,45_90,uav_reconstruction_xml,data/crossgeo-paper85/scenes/0294/uav/reconstruction_xml/0294_45_90.xml,649931,c5f643d1854d5dce7ea8077be2fdc8008b5eb0c748dafcd5780190c74524c8a3
0294,70_30,uav_esp,data/crossgeo-paper85/scenes/0294/uav/esp/0294_70_30.esp,605733,33c7e0b6b06028d17764cd76db51d5171b366258750218a2b52b8d894d6c4353
0294,70_30,uav_reconstruction_xml,data/crossgeo-paper85/scenes/0294/uav/reconstruction_xml/0294_70_30.xml,656321,db8ff0b5ecdd77937cedd8caba666dcf654ca636263344c1687368bb82bbca0b
0294,,ground_panoids,scenes/0294/ground/panoids.json,37437,0736d020a330261d4af7a9a7bcdc6040e0c144186c3027d46431dc7411d447bc
0299,100_30,uav_esp,data/crossgeo-paper85/scenes/0299/uav/esp/0299_100_30.esp,606782,232e431b2491b54b3976ad1c8cfa731dd5b679cbb9c3fb57bae63dd526f19c3d
0299,100_30,uav_reconstruction_xml,data/crossgeo-paper85/scenes/0299/uav/reconstruction_xml/0299_100_30.xml,658999,2da5e35e04eb0b5636d262c12bfba8ae0f209466edc1559c392e651316c46d49
0299,45_30,uav_esp,data/crossgeo-paper85/scenes/0299/uav/esp/0299_45_30.esp,606798,54336341e8a3fb9b434b47b2ff43cdad1b40ec907fe52e990ade1b6be6b4c707
0299,45_30,uav_reconstruction_xml,data/crossgeo-paper85/scenes/0299/uav/reconstruction_xml/0299_45_30.xml,571238,f5947df0963e5b5a0334ef28c4c71996fded40880f91035446588991f1eb91cb
0299,45_60,uav_esp,data/crossgeo-paper85/scenes/0299/uav/esp/0299_45_60.esp,606475,3c7592155aa96b5814eaa5cd6d7df32e85a74f991d0932ae8ef80864ef077426
0299,45_60,uav_reconstruction_xml,data/crossgeo-paper85/scenes/0299/uav/reconstruction_xml/0299_45_60.xml,647789,31ed7c6497bebfcdd17f7e8d8d6e18da0f8b8cd769a8f31a4946e6be8292deac
0299,45_90,uav_esp,data/crossgeo-paper85/scenes/0299/uav/esp/0299_45_90.esp,606410,b286cdbd997250756d495fd45b3c1bfa630282f0c251b03f6a2380c3a95ce048
0299,45_90,uav_reconstruction_xml,data/crossgeo-paper85/scenes/0299/uav/reconstruction_xml/0299_45_90.xml,658212,2f82b469fe70120a516126cc470b2841ba55a785f014ffad0e3f6e8a75e4998f
0299,70_30,uav_esp,data/crossgeo-paper85/scenes/0299/uav/esp/0299_70_30.esp,606795,88cc3d632c01529f1e68fdf938cea1c708c9b885293f30c6b0a0b58061f6a4e8
0299,70_30,uav_reconstruction_xml,data/crossgeo-paper85/scenes/0299/uav/reconstruction_xml/0299_70_30.xml,658183,db8202f77c55eb1d7742976e097fe199b2c4bdc86781346327685f9a52f63f0e
0299,,ground_panoids,scenes/0299/ground/panoids.json,86548,ce56f10ed93b01d9313c7090d3ccb561cf8dfd3fa8e956ecf342f46a4e5a3aa4
0306,100_30,uav_esp,data/crossgeo-paper85/scenes/0306/uav/esp/0306_100_30.esp,606244,62cb1d4ad61516dc68ff622cf3373430c005709ee21e06beda84b6a3c03cb300
0306,100_30,uav_reconstruction_xml,data/crossgeo-paper85/scenes/0306/uav/reconstruction_xml/0306_100_30.xml,658965,f461e2d33939cb92240afe79211e06d5db94aea3723616e25cf5ee02470f7c3c
0306,45_30,uav_esp,data/crossgeo-paper85/scenes/0306/uav/esp/0306_45_30.esp,606227,1601a1b305f028d5732ab2268914212c4ef944c9efd1e08bdc1166ec1ee2423f
0306,45_30,uav_reconstruction_xml,data/crossgeo-paper85/scenes/0306/uav/reconstruction_xml/0306_45_30.xml,631708,6698db038dc0d0731dce0db923101f54ddd57be218e9995a4b8a428a79925809
0306,45_60,uav_esp,data/crossgeo-paper85/scenes/0306/uav/esp/0306_45_60.esp,605904,b465aa38265e0eb422a17a0e64f781224acba1644b6145541ea39ced9ed68949
0306,45_60,uav_reconstruction_xml,data/crossgeo-paper85/scenes/0306/uav/reconstruction_xml/0306_45_60.xml,635774,44b28c78b158d225de8288e32b421bdbcb43abf67e4e83ef1515e37b68e2b98d
0306,45_90,uav_esp,data/crossgeo-paper85/scenes/0306/uav/esp/0306_45_90.esp,605839,b77551e8f5576b3f24864762ce540b1aaf0d21733062c129d8a116b63ae0ac83
0306,45_90,uav_reconstruction_xml,data/crossgeo-paper85/scenes/0306/uav/reconstruction_xml/0306_45_90.xml,655520,9eb64183483bbfe357293d83bb67d9954bed78c21630c6cbe2bc646c98fc8ed9
0306,70_30,uav_esp,data/crossgeo-paper85/scenes/0306/uav/esp/0306_70_30.esp,606253,20c974716a8ae5611ee1f06cd22930fb7c5775a90f5b831237960f5915717679
0306,70_30,uav_reconstruction_xml,data/crossgeo-paper85/scenes/0306/uav/reconstruction_xml/0306_70_30.xml,657737,4881f77b7c1c0ad5f0b240fa6fc446764074ab14b644bbc60808d2e1230dd805
0306,,ground_panoids,scenes/0306/ground/panoids.json,52466,57fe836528bc1ed5cd0bdacec967cddafa9a34710282427dbe8bde027882086a
0307,100_30,uav_esp,data/crossgeo-paper85/scenes/0307/uav/esp/0307_100_30.esp,606008,2ce2ab2cfa785a625bf5fb2740e84a3a07f269a244b5aafad7e9c5a9895b9b83
0307,100_30,uav_reconstruction_xml,data/crossgeo-paper85/scenes/0307/uav/reconstruction_xml/0307_100_30.xml,658400,334bce9246937dd8771b0d8308b319983081a86d14c387590ff521f12b9611e9
0307,45_30,uav_esp,data/crossgeo-paper85/scenes/0307/uav/esp/0307_45_30.esp,606033,72b3317cb633b434b4bbfa07d003e52a4f491a8955b57cd425fdb34361ac14c8
0307,45_30,uav_reconstruction_xml,data/crossgeo-paper85/scenes/0307/uav/reconstruction_xml/0307_45_30.xml,633481,3156ae2141932142bf52b377b71ea50d0fdde82f8fdb0b7c09945fa89d919e69
0307,45_60,uav_esp,data/crossgeo-paper85/scenes/0307/uav/esp/0307_45_60.esp,605710,49820acacb73ffe11efe3b96b8ca59f36637d3fbc9bab73d0b9b5fde4f632aa5
0307,45_60,uav_reconstruction_xml,data/crossgeo-paper85/scenes/0307/uav/reconstruction_xml/0307_45_60.xml,591983,2c0797deec61acdf4bd8f241994f0ab739e2383226a8431645a814abf5f20fe3
0307,45_90,uav_esp,data/crossgeo-paper85/scenes/0307/uav/esp/0307_45_90.esp,605645,01caca1bd9166f90b39e27780df09510823e351fe3f0fd2deabb71df0798e6bd
0307,45_90,uav_reconstruction_xml,data/crossgeo-paper85/scenes/0307/uav/reconstruction_xml/0307_45_90.xml,506830,a00ec66ddd1bfa931899706bb4ddd44903861fe3c6d3cf7f43d9cbd7d507e234
0307,70_30,uav_esp,data/crossgeo-paper85/scenes/0307/uav/esp/0307_70_30.esp,606021,69629d0966f9609fe0de889c54c4a17926254d7b61cab59db39825f49cef8c5d
0307,70_30,uav_reconstruction_xml,data/crossgeo-paper85/scenes/0307/uav/reconstruction_xml/0307_70_30.xml,655604,443d23008e84456aa5a61c9a167ae94711dc5880469f44b05c9414b72835a18c
0307,,ground_panoids,scenes/0307/ground/panoids.json,70517,45f736095dfcc7cec82ae6c64e11c76c8d51e089c676910ae77f56c554480ae6
0312,100_30,uav_esp,data/crossgeo-paper85/scenes/0312/uav/esp/0312_100_30.esp,606113,00a1daa6c8a400d1ba1aa30d846ad8ceb8387e8a0396b0ffef0ad4f45960a83c
0312,100_30,uav_reconstruction_xml,data/crossgeo-paper85/scenes/0312/uav/reconstruction_xml/0312_100_30.xml,654519,f06163a91fc1433125ed7d8d3b6122def560e576fa9e2eea6c026b4408ed462d
0312,45_30,uav_esp,data/crossgeo-paper85/scenes/0312/uav/esp/0312_45_30.esp,605958,98783f0c5b05265ec4047c18e1c89491d32d44751c17bbefefd32d923b8545ea
0312,45_30,uav_reconstruction_xml,data/crossgeo-paper85/scenes/0312/uav/reconstruction_xml/0312_45_30.xml,604075,0b14b076a4ea39f6971e9b21b2cfdea033ee14650f15c6968a359d94b5efeead
0312,45_60,uav_esp,data/crossgeo-paper85/scenes/0312/uav/esp/0312_45_60.esp,605635,f0759b4e88642322a7b5846847c047d095f6d1afa1c19fd5a77e191bdb2eab3b
0312,45_60,uav_reconstruction_xml,data/crossgeo-paper85/scenes/0312/uav/reconstruction_xml/0312_45_60.xml,561319,d753d8267ae2e7ff58e6bfc69a084c2cc64c945feba5c97d4f5fdc3117fb1f0c
0312,45_90,uav_esp,data/crossgeo-paper85/scenes/0312/uav/esp/0312_45_90.esp,605570,acef2637616e17456b04235a59d36baf1c38b816b2c75ed274b5355ffb0580ce
0312,45_90,uav_reconstruction_xml,data/crossgeo-paper85/scenes/0312/uav/reconstruction_xml/0312_45_90.xml,654433,c35e581b0ad32b31a41ef29c8581957b04067e968fc77073d50f35e94a8a234b
0312,70_30,uav_esp,data/crossgeo-paper85/scenes/0312/uav/esp/0312_70_30.esp,605945,819f5c05adf141367cf6a4f3a93b248786e4731e5053ade0b829c6fca8248b06
0312,70_30,uav_reconstruction_xml,data/crossgeo-paper85/scenes/0312/uav/reconstruction_xml/0312_70_30.xml,648609,ed7715c30668066962afa3cbb62e9a17d33c20f1356d14de2aa2a95230d16203
0312,,ground_panoids,scenes/0312/ground/panoids.json,47272,6056bf48abee35317f17c89328af8941dedd75b0d4515455d7bd8fb0917cf048
0326,100_30,uav_esp,data/crossgeo-paper85/scenes/0326/uav/esp/0326_100_30.esp,605888,be10cc160363f9c8438d09960831867d0909e43b3943fbcff6170242edf40b23
0326,100_30,uav_reconstruction_xml,data/crossgeo-paper85/scenes/0326/uav/reconstruction_xml/0326_100_30.xml,660415,db3e30aaba8dcd20ffd6aaae4916ba39b5d3ad1c671ada55976af42ee39ac90e
0326,45_30,uav_esp,data/crossgeo-paper85/scenes/0326/uav/esp/0326_45_30.esp,605897,8930634d40212c60822363d39ac9831e8e5b98d060ab73b4965ba5b517a1b494
0326,45_30,uav_reconstruction_xml,data/crossgeo-paper85/scenes/0326/uav/reconstruction_xml/0326_45_30.xml,655736,4074336b98de08c5345029b35537cd0dcea06359c4fe86a537cdd6bb5fe6be9d
0326,45_60,uav_esp,data/crossgeo-paper85/scenes/0326/uav/esp/0326_45_60.esp,605574,3daf5511db987d0bc00ddd135d04457e5b94637984b15e9f0bf7ba2cb0dd4618
0326,45_60,uav_reconstruction_xml,data/crossgeo-paper85/scenes/0326/uav/reconstruction_xml/0326_45_60.xml,656983,51c4a6eb651407884b9c208095a46a71206a21329a6cf742942806e694958a86
0326,45_90,uav_esp,data/crossgeo-paper85/scenes/0326/uav/esp/0326_45_90.esp,605509,b7d6fb4da80ca5653af54bf4c5ab6b9fb28ef7d1145c94536786f8d567992fd7
0326,45_90,uav_reconstruction_xml,data/crossgeo-paper85/scenes/0326/uav/reconstruction_xml/0326_45_90.xml,659580,8e6287d204ae8f217462edd8da301ff1990e3ac4abb3e27405185749a98803e4
0326,70_30,uav_esp,data/crossgeo-paper85/scenes/0326/uav/esp/0326_70_30.esp,605910,620bf5267a496a729cba2e9bd9a0401464bc03d65a3a0e10d562659b9fce5efd
0326,70_30,uav_reconstruction_xml,data/crossgeo-paper85/scenes/0326/uav/reconstruction_xml/0326_70_30.xml,659873,8e018af23cbfedab12fa55fb1e7ce8a29f6fee430f8dd26ce4424cfeedd2cd2e
0326,,ground_panoids,scenes/0326/ground/panoids.json,55394,99ba1848dd86b3519ed3e356e2e5569c5a2ffe175e6293a27bd2ff266b34c3ac
0327,100_30,uav_esp,data/crossgeo-paper85/scenes/0327/uav/esp/0327_100_30.esp,606507,9088839166febacc99e94f51404f8bebcdea11895c0a7ace0734bbd57c752652
0327,100_30,uav_reconstruction_xml,data/crossgeo-paper85/scenes/0327/uav/reconstruction_xml/0327_100_30.xml,653082,604a6080e7776e38afaf526ef532807679b25b3a31160496fad1049f62fcf316
0327,45_30,uav_esp,data/crossgeo-paper85/scenes/0327/uav/esp/0327_45_30.esp,606385,d843ea6f3ecf73ea2ef8a0877cb52c42382fa563635a74270212f45f1fcec0f5
0327,45_30,uav_reconstruction_xml,data/crossgeo-paper85/scenes/0327/uav/reconstruction_xml/0327_45_30.xml,588720,bd3d8791f19f3361f46072944a86e9a5f647b667ede6ee5feb337a2acccf03a2
0327,45_60,uav_esp,data/crossgeo-paper85/scenes/0327/uav/esp/0327_45_60.esp,606062,6f057bb02df6bb80bf82aa245d9ffcbca67cc9d744b6c06c5a34cd20b2faf892
0327,45_60,uav_reconstruction_xml,data/crossgeo-paper85/scenes/0327/uav/reconstruction_xml/0327_45_60.xml,588951,dc185a7dba4fe0d77f4df7f58863409d8812eed4c90268b045dc1dcc8ccda375
0327,45_90,uav_esp,data/crossgeo-paper85/scenes/0327/uav/esp/0327_45_90.esp,605997,3284bce594eb0b72c29114c2b6d0b596a8c242b14dfc3f3c71143c97963065b6
0327,45_90,uav_reconstruction_xml,data/crossgeo-paper85/scenes/0327/uav/reconstruction_xml/0327_45_90.xml,626561,7f0585b777c04bf05063939d8623af3e72d2061889562ef3ae8aabc7d3311863
0327,70_30,uav_esp,data/crossgeo-paper85/scenes/0327/uav/esp/0327_70_30.esp,606500,c20c616c074e53f9860615eecbc73612d0a6efdb93ffa68320068dc5840a9d94
0327,70_30,uav_reconstruction_xml,data/crossgeo-paper85/scenes/0327/uav/reconstruction_xml/0327_70_30.xml,615961,ad11fc31d862b57bcf3b833bcc24336724b16d057e493d1a3e1143faf71e7ae6
0327,,ground_panoids,scenes/0327/ground/panoids.json,63057,916cc35ff0262201287dc25f6a2ab56e05dbb5d1f7982e5d3bcfb9b53bd8e85e
0331,100_30,uav_esp,data/crossgeo-paper85/scenes/0331/uav/esp/0331_100_30.esp,606943,3a41ea05691b7c300013142fea83d49de7d97cc450a0ad606bbc3d052321a2c8
0331,100_30,uav_reconstruction_xml,data/crossgeo-paper85/scenes/0331/uav/reconstruction_xml/0331_100_30.xml,661732,9c96abc21ab908f6e3c755ee61e5968dbc97a49f586bb4ff3127acfeb5ac73c4
0331,45_30,uav_esp,data/crossgeo-paper85/scenes/0331/uav/esp/0331_45_30.esp,606363,28306a0045005839b61472583e14abf0da43f38ffe9c6d4e650e47792431484a
0331,45_30,uav_reconstruction_xml,data/crossgeo-paper85/scenes/0331/uav/reconstruction_xml/0331_45_30.xml,657100,bed97a7bd72a322c3749b8606bc228c6564f89c5ed91f2efd02a169b5a58e0cc
0331,45_60,uav_esp,data/crossgeo-paper85/scenes/0331/uav/esp/0331_45_60.esp,606040,9d3cd58204f7029ae58abbf97644a532b0d6fdddf362bc28dd61ef01eb5f2319
0331,45_60,uav_reconstruction_xml,data/crossgeo-paper85/scenes/0331/uav/reconstruction_xml/0331_45_60.xml,613201,6daf6f468bac5d8bc282a2b2ac9e7cc4d91357e69ef3e89a16f9a7e79dc3420e
0331,45_90,uav_esp,data/crossgeo-paper85/scenes/0331/uav/esp/0331_45_90.esp,605975,a5335013803fd62feff223026f3892ff5b236cf9e9e629bdce06dfe67c5b51bd
0331,45_90,uav_reconstruction_xml,data/crossgeo-paper85/scenes/0331/uav/reconstruction_xml/0331_45_90.xml,659303,c0f95804f992ac230b5a98354c8f529335b3d7e4332c13c6005117eefde817ec
0331,70_30,uav_esp,data/crossgeo-paper85/scenes/0331/uav/esp/0331_70_30.esp,606735,e960e6b90e03d839ceeb17b847f4c1c44ca845641e0847cfaacf989c64dc5ddf
0331,70_30,uav_reconstruction_xml,data/crossgeo-paper85/scenes/0331/uav/reconstruction_xml/0331_70_30.xml,657617,40a7cbfe27eb13735b655c4358fc125ae50ae6099dd32bf373f61f5d0bcf2d01
0331,,ground_panoids,scenes/0331/ground/panoids.json,36752,ab13384c975ab4ac75a67b52a37ead0ff99659366fe19517c5698fabbb816f2a
0335,100_30,uav_esp,data/crossgeo-paper85/scenes/0335/uav/esp/0335_100_30.esp,606086,b20af8d3e88e43c7cfca2c60960fa8632a3cc4882fd2a2a7f79279d72686c56b
0335,100_30,uav_reconstruction_xml,data/crossgeo-paper85/scenes/0335/uav/reconstruction_xml/0335_100_30.xml,660347,3839e3e87e61fb63d1b2b9e44f9267558c2dfad36111458be4a3d478574da56a
0335,45_30,uav_esp,data/crossgeo-paper85/scenes/0335/uav/esp/0335_45_30.esp,606095,681ab7b56af52531012ec126e855a6baa4d8b61ff1712747a73468512434d506
0335,45_30,uav_reconstruction_xml,data/crossgeo-paper85/scenes/0335/uav/reconstruction_xml/0335_45_30.xml,641887,21d22c7ac1c58183636334f5b6f377b671ccc1331826cc77b20d798e81b3fc16
0335,45_60,uav_esp,data/crossgeo-paper85/scenes/0335/uav/esp/0335_45_60.esp,605772,e3676b7c7a9444b7464a6998284841bc235363a79f0766a04cceaf2c19c16198
0335,45_60,uav_reconstruction_xml,data/crossgeo-paper85/scenes/0335/uav/reconstruction_xml/0335_45_60.xml,644186,1840e713d48fa5f3665a588add976b3a64db58794867111421e7bf47cd200367
0335,45_90,uav_esp,data/crossgeo-paper85/scenes/0335/uav/esp/0335_45_90.esp,605707,e409b2d841300e104f2d1419e1883cfab09d7e1ffd439b4feb3cbabd5a833149
0335,45_90,uav_reconstruction_xml,data/crossgeo-paper85/scenes/0335/uav/reconstruction_xml/0335_45_90.xml,601336,e5f2e645da61946ec3a10f6c38906cc0cbf379ae1a38efc8161078ef64c31929
0335,70_30,uav_esp,data/crossgeo-paper85/scenes/0335/uav/esp/0335_70_30.esp,606108,346acc802c8be9e5ebf52616aa042c57ed547b1a50f3554a5a59346090ca8784
0335,70_30,uav_reconstruction_xml,data/crossgeo-paper85/scenes/0335/uav/reconstruction_xml/0335_70_30.xml,658013,c928a831c074f98c192ca61dba555ef441e98b20260a3ce5d440ecb005359cee
0335,,ground_panoids,scenes/0335/ground/panoids.json,51360,24655b668c039a404d52c1a73c384c26e4864c2214fe19b8819cf7367a362d30
0341,100_30,uav_esp,data/crossgeo-paper85/scenes/0341/uav/esp/0341_100_30.esp,606109,13d79ef95918489b93c5367b86296913eac9cdf023b74272d6ff5e9b72b0ebd9
0341,100_30,uav_reconstruction_xml,data/crossgeo-paper85/scenes/0341/uav/reconstruction_xml/0341_100_30.xml,655158,955cae72af973465c9885a3be23338b72381b30b57be8e4529fd1f40aa9e2b52
0341,45_30,uav_esp,data/crossgeo-paper85/scenes/0341/uav/esp/0341_45_30.esp,605746,935325a8717e4e2e948c23f81e5625c50e24e08791b8841982fdeb9e87470ec0
0341,45_30,uav_reconstruction_xml,data/crossgeo-paper85/scenes/0341/uav/reconstruction_xml/0341_45_30.xml,564737,4ee8f189e3bef8a017653065875d27574d85e6fbd9c5e3009729b7180100f0b9
0341,45_60,uav_esp,data/crossgeo-paper85/scenes/0341/uav/esp/0341_45_60.esp,605423,818423563b324dd65951ab95b37dee7caa150d2f6d71633abe57d99e50f89726
0341,45_60,uav_reconstruction_xml,data/crossgeo-paper85/scenes/0341/uav/reconstruction_xml/0341_45_60.xml,633005,220eb074237f670bcf7bdb95bbe6d0bd165927a20d1b34a5e1181abd1d25a43a
0341,45_90,uav_esp,data/crossgeo-paper85/scenes/0341/uav/esp/0341_45_90.esp,605358,6f37f485cc1da2e361da357af6c837613d88b75449f8151b277c755666d8e8f4
0341,45_90,uav_reconstruction_xml,data/crossgeo-paper85/scenes/0341/uav/reconstruction_xml/0341_45_90.xml,547299,368733cce9b7996c0fb592986e1650f0ef3be91ffdf9c206260c8901b25bf4e9
0341,70_30,uav_esp,data/crossgeo-paper85/scenes/0341/uav/esp/0341_70_30.esp,605765,6c987832fdf1d8e438b23298f34a83f4067b596b2f36c23091b777678dcbbb27
0341,70_30,uav_reconstruction_xml,data/crossgeo-paper85/scenes/0341/uav/reconstruction_xml/0341_70_30.xml,650652,181214e62a8a8d1428333b2946b9df5fdf31d3e829c7ace7dcfd35c164af0ffa
0341,,ground_panoids,scenes/0341/ground/panoids.json,33280,adc5bb93804d1c81ea9319a90a8af7252b546c6a454088c91b8468ef1a7f96ef
0348,100_30,uav_esp,data/crossgeo-paper85/scenes/0348/uav/esp/0348_100_30.esp,605944,3a920b31def29c16e32a692371d3c95bd1092dd7f3171de5a7e2794e336f1689
0348,100_30,uav_reconstruction_xml,data/crossgeo-paper85/scenes/0348/uav/reconstruction_xml/0348_100_30.xml,652087,9cbd8b3e5a544658cd8c68f5cb0403ca0f0f5195b8295a4fb7c196d0049a7830
0348,45_30,uav_esp,data/crossgeo-paper85/scenes/0348/uav/esp/0348_45_30.esp,605930,951434f12da5c1745609e3732b938d508a76d045db3b9b0bf37ebf6997670cdd
0348,45_30,uav_reconstruction_xml,data/crossgeo-paper85/scenes/0348/uav/reconstruction_xml/0348_45_30.xml,509574,7402ad5bda97ad509944de911e07bb447b095866fd5b27c98bac5f1d0da6c81b
0348,45_60,uav_esp,data/crossgeo-paper85/scenes/0348/uav/esp/0348_45_60.esp,605607,3ac91cc52bcde7cf85a8bd9da9d87a08a90cca0a19e7faf79ca8a9d7842f4429
0348,45_60,uav_reconstruction_xml,data/crossgeo-paper85/scenes/0348/uav/reconstruction_xml/0348_45_60.xml,566442,df4712b0c6e4e4be7a902e69e6243b1feda996f56e79bccd47006d92c885003f
0348,45_90,uav_esp,data/crossgeo-paper85/scenes/0348/uav/esp/0348_45_90.esp,605542,b3f3fa512143596f2475b44bb59e9e669c8f23c3cb8cbf4d828636612a79206a
0348,45_90,uav_reconstruction_xml,data/crossgeo-paper85/scenes/0348/uav/reconstruction_xml/0348_45_90.xml,646888,8d8dffc8e34016882d824aa0195f4fa1872f1519a1eb5a831bf87db738f315d5
0348,70_30,uav_esp,data/crossgeo-paper85/scenes/0348/uav/esp/0348_70_30.esp,605936,6fd666252460e349779bc6d5a6049a6171f3cbd815becd7b58fa5cbdbccd083e
0348,70_30,uav_reconstruction_xml,data/crossgeo-paper85/scenes/0348/uav/reconstruction_xml/0348_70_30.xml,613951,e222f07e805fafff3ec84fe410fa7ff37452cda9cdeccde22a4427922592354d
0348,,ground_panoids,scenes/0348/ground/panoids.json,88783,8946d18d446e5e715727782ee3de90699fdf8deae157b25c6e1810c44e8af82c
0360,100_30,uav_esp,data/crossgeo-paper85/scenes/0360/uav/esp/0360_100_30.esp,606086,ac2cdcdfc76f99fd8254d947781791eb918f31ba32b15f9e2eba059ebf97f960
0360,100_30,uav_reconstruction_xml,data/crossgeo-paper85/scenes/0360/uav/reconstruction_xml/0360_100_30.xml,655011,2a90ea1ae557e64f951bf22e3732b5af765e860ee193b77ea8bed6d0fb6b4ff2
0360,45_30,uav_esp,data/crossgeo-paper85/scenes/0360/uav/esp/0360_45_30.esp,606092,89965c541807a00bd6c4c87420c418270cafdeea82039e14f42888e634de1c0c
0360,45_30,uav_reconstruction_xml,data/crossgeo-paper85/scenes/0360/uav/reconstruction_xml/0360_45_30.xml,623261,2d56599552e30633ae3ebabc8b860e7374a3a08fd9f952e8fe6d9b44020ee8c5
0360,45_60,uav_esp,data/crossgeo-paper85/scenes/0360/uav/esp/0360_45_60.esp,605769,9798cc14375e2eb50465c1ae135586b587dea84e9d295ab13a6e97098a96137a
0360,45_60,uav_reconstruction_xml,data/crossgeo-paper85/scenes/0360/uav/reconstruction_xml/0360_45_60.xml,639311,70587806c5cc91c908f7e91f1fc1c633c39fa32444d6100222998cc17dc4f019
0360,45_90,uav_esp,data/crossgeo-paper85/scenes/0360/uav/esp/0360_45_90.esp,605704,1c0205dbbaa3b1e8d7c6afe20d798e417433558d58b665f9bdb6f18760945146
0360,45_90,uav_reconstruction_xml,data/crossgeo-paper85/scenes/0360/uav/reconstruction_xml/0360_45_90.xml,650110,d1c3ffa755157bce31fccf7b2b71d3b48daebe6ba9e87dc45aaa2d60ef0db4b8
0360,70_30,uav_esp,data/crossgeo-paper85/scenes/0360/uav/esp/0360_70_30.esp,606084,cff0df1ad36968296dd537f86b4f1dfc3ffce61e2bb1289214070640838f7f28
0360,70_30,uav_reconstruction_xml,data/crossgeo-paper85/scenes/0360/uav/reconstruction_xml/0360_70_30.xml,654266,b5166b423e07b55238d8c8e90c98e7cb4c24516ed2b3a5e82c4f56e73258ccb7
0360,,ground_panoids,scenes/0360/ground/panoids.json,32272,36a5ff3a0f3aacaf82a26f4e3deb35bc5077723666af6e74859c685f33bfa908
0377,100_30,uav_esp,data/crossgeo-paper85/scenes/0377/uav/esp/0377_100_30.esp,606447,fddaebd4bbaf29e8bb9c02d9b8c5b612655b870472cd150be7cd99f6ab140029
0377,100_30,uav_reconstruction_xml,data/crossgeo-paper85/scenes/0377/uav/reconstruction_xml/0377_100_30.xml,659937,8ae15b0c93e4c12856df56fa0f12fd4df1550b6511599c768302dc75f4b7308d
0377,45_30,uav_esp,data/crossgeo-paper85/scenes/0377/uav/esp/0377_45_30.esp,606188,bd4be1659434c61a75c96e3443976bd9a9609e0004d5463a35786557798e9cb4
0377,45_30,uav_reconstruction_xml,data/crossgeo-paper85/scenes/0377/uav/reconstruction_xml/0377_45_30.xml,642660,49943d2cf92cce062ad2b17deb5b69e8606320a89d3e5a52b129d21742e33f03
0377,45_60,uav_esp,data/crossgeo-paper85/scenes/0377/uav/esp/0377_45_60.esp,605865,a51512264ad0c6718232211673f839ae3a6888c2fc79072bbb9d4c9586258fd6
0377,45_60,uav_reconstruction_xml,data/crossgeo-paper85/scenes/0377/uav/reconstruction_xml/0377_45_60.xml,655464,59da40f89da9d2bcc33b03d0943ba0b9a2c40cde6c5a213281805eb153607fa5
0377,45_90,uav_esp,data/crossgeo-paper85/scenes/0377/uav/esp/0377_45_90.esp,605800,b0914386c9c498a6157b057368761c96695cade4088e546256645d2e1571f4a2
0377,45_90,uav_reconstruction_xml,data/crossgeo-paper85/scenes/0377/uav/reconstruction_xml/0377_45_90.xml,647522,201ad4c1bac220c6aa799c07688dffc132904f0c55db6cb091ee297c79b49dfc
0377,70_30,uav_esp,data/crossgeo-paper85/scenes/0377/uav/esp/0377_70_30.esp,606462,e3cd07e50d4c2d04b7c0ced8d604efbbf92fa2c8d3e1338e4b5860d35f010810
0377,70_30,uav_reconstruction_xml,data/crossgeo-paper85/scenes/0377/uav/reconstruction_xml/0377_70_30.xml,656493,f5ba5eec0eab107f953dbee46431e51472bcbf1337df022b120c5e2c18249572
0377,,ground_panoids,scenes/0377/ground/panoids.json,163012,3af4c7b46dcb96165cbfe7a77a5741c7c59f342715f01e2620cb60a1df6e2ccf
0407,100_30,uav_esp,data/crossgeo-paper85/scenes/0407/uav/esp/0407_100_30.esp,606293,8e893b17f353999bf7961faa9e45dfaddada50bb5345dbf08ec9a7ad4fa118b1
0407,100_30,uav_reconstruction_xml,data/crossgeo-paper85/scenes/0407/uav/reconstruction_xml/0407_100_30.xml,660044,c05ac00f6327e95a7f5a34ea8a343b9343a439ac420993dfea3aea95a16551c1
0407,45_30,uav_esp,data/crossgeo-paper85/scenes/0407/uav/esp/0407_45_30.esp,606288,79485fabd21608339ef2d480b4a95eae6e17c0ad884c15885c842047a07bf3d1
0407,45_30,uav_reconstruction_xml,data/crossgeo-paper85/scenes/0407/uav/reconstruction_xml/0407_45_30.xml,616043,f7f49ef3e89d092c9b7e80408c69648378efc6462cd3130a9dca91858bd5b6e4
0407,45_60,uav_esp,data/crossgeo-paper85/scenes/0407/uav/esp/0407_45_60.esp,605965,df4b96bf76cc3ce3f122f922e8452ee8b2072d52275119727fcc533b285c10fc
0407,45_60,uav_reconstruction_xml,data/crossgeo-paper85/scenes/0407/uav/reconstruction_xml/0407_45_60.xml,642781,7f11c1d182db585ee7a3c05a42f635da7ba94a57e15b1901d054c86083956fdb
0407,45_90,uav_esp,data/crossgeo-paper85/scenes/0407/uav/esp/0407_45_90.esp,605900,b7110a0df8082ebeff73dcd034bbb4db2c084ef9903490d9190a791c95103949
0407,45_90,uav_reconstruction_xml,data/crossgeo-paper85/scenes/0407/uav/reconstruction_xml/0407_45_90.xml,588546,2d2a3673280d5f244a064c9f912b5212969ebdd53eef5412ec8cd45fa44bc4d6
0407,70_30,uav_esp,data/crossgeo-paper85/scenes/0407/uav/esp/0407_70_30.esp,606271,ddd87eaa69d33a1c21eec591fc38a8067929076a20a71e28d195e834f475ead4
0407,70_30,uav_reconstruction_xml,data/crossgeo-paper85/scenes/0407/uav/reconstruction_xml/0407_70_30.xml,656655,881993880fd048633de872751eb34778673f50111d867edd4aa09fbceca57fb7
0407,,ground_panoids,scenes/0407/ground/panoids.json,63072,40eadd59fed8c50a1ca8ca21114bab1ac584b4b92b595bb51514a45e28983549
0411,100_30,uav_esp,data/crossgeo-paper85/scenes/0411/uav/esp/0411_100_30.esp,606097,c85e054bfc54befe656916fc5f33a28f2767b6282c1caad46abfe1fb6c5219e9
0411,100_30,uav_reconstruction_xml,data/crossgeo-paper85/scenes/0411/uav/reconstruction_xml/0411_100_30.xml,659303,e4bae69e474e86802fac0f5af6c82c2353f09f32700411e12c0d456deca2c1fd
0411,45_30,uav_esp,data/crossgeo-paper85/scenes/0411/uav/esp/0411_45_30.esp,606092,15b2dd2abf4f174adf3b03f4e959a76ea4d97e8c75fb61a1fd1baf731ad8a511
0411,45_30,uav_reconstruction_xml,data/crossgeo-paper85/scenes/0411/uav/reconstruction_xml/0411_45_30.xml,651035,295d5a165d1fa458386c49fada323b7caae71336b260de434640f398654573aa
0411,45_60,uav_esp,data/crossgeo-paper85/scenes/0411/uav/esp/0411_45_60.esp,605769,20f2246b37dbd26274e4f7cec61de08dabf21f6648232b26867371fd15c1b079
0411,45_60,uav_reconstruction_xml,data/crossgeo-paper85/scenes/0411/uav/reconstruction_xml/0411_45_60.xml,621001,95ce03f8c37408ad7f3f47a85b621af5eb2026e6f91f41f7a8f4dac1df2a1c9c
0411,45_90,uav_esp,data/crossgeo-paper85/scenes/0411/uav/esp/0411_45_90.esp,605704,c10d861585f3bd0a91015b91e2a48399ad2e5900223cc609bab1a01807848300
0411,45_90,uav_reconstruction_xml,data/crossgeo-paper85/scenes/0411/uav/reconstruction_xml/0411_45_90.xml,593530,c4d678bddb953eabc38ea469e1a60644bb1a91f9e9fc5e3fb8696474ecbcb7a4
0411,70_30,uav_esp,data/crossgeo-paper85/scenes/0411/uav/esp/0411_70_30.esp,606092,91e4a4c754a5cb4cfc28fee2d67a875fa3240e4071933c5356eead12e6f72144
0411,70_30,uav_reconstruction_xml,data/crossgeo-paper85/scenes/0411/uav/reconstruction_xml/0411_70_30.xml,658905,80767fa396bc045b38e04bae50f741221e080c1e2e4706bad54d809cb52d3ee1
0411,,ground_panoids,scenes/0411/ground/panoids.json,53563,1897b31b3d50046702ba69ccfac001405d2d2b8f11b17861d1e3cc536b62f6a8
0446,100_30,uav_esp,data/crossgeo-paper85/scenes/0446/uav/esp/0446_100_30.esp,606018,aa8f6e7ab71620466937b1a1e6906ed50d81c04443471597b938c4219e232c59
0446,100_30,uav_reconstruction_xml,data/crossgeo-paper85/scenes/0446/uav/reconstruction_xml/0446_100_30.xml,660506,46c21f34948d06c35c36f7eb314b406e54560a32da1dfbfc8ae1d7095574c784
0446,45_30,uav_esp,data/crossgeo-paper85/scenes/0446/uav/esp/0446_45_30.esp,605991,ad9504980cb5f88945efbc6f6b2d352b37d223b26c6db6c390ccee5fb17e2879
0446,45_30,uav_reconstruction_xml,data/crossgeo-paper85/scenes/0446/uav/reconstruction_xml/0446_45_30.xml,637457,cea3dd773c146d32b1654043be35b44775fb013ba5f9c0e91abf08b45838ba34
0446,45_60,uav_esp,data/crossgeo-paper85/scenes/0446/uav/esp/0446_45_60.esp,605668,b7dca31854fdd405156126bde3a4cfa4298699d96955745d16777bb7af79f439
0446,45_60,uav_reconstruction_xml,data/crossgeo-paper85/scenes/0446/uav/reconstruction_xml/0446_45_60.xml,646794,35b7cda5ede2b094eea25e48c18c38ce2735be2d7b14a3b89350578704b7b469
0446,45_90,uav_esp,data/crossgeo-paper85/scenes/0446/uav/esp/0446_45_90.esp,605603,307eaa80bfa6b0cf6040e320aaab78f89d2ff3242143296d3eed5e4f53449706
0446,45_90,uav_reconstruction_xml,data/crossgeo-paper85/scenes/0446/uav/reconstruction_xml/0446_45_90.xml,467062,53fffccdc4d7d83a6d457e0ce0cad8b97a3401661111170d3937cb3381228451
0446,70_30,uav_esp,data/crossgeo-paper85/scenes/0446/uav/esp/0446_70_30.esp,605984,7269622b9ec99a89f2cddfa3cc2c609d6a0307239e51df7967247f467f63de3e
0446,70_30,uav_reconstruction_xml,data/crossgeo-paper85/scenes/0446/uav/reconstruction_xml/0446_70_30.xml,655096,5801abda79ec64c8583e53196e3c0ea2ff3e94eaa3178c942d32d1db7e6799a0
0446,,ground_panoids,scenes/0446/ground/panoids.json,56132,9e3e4da20c01e7e8ebc6e6903582da1c77d743cf52b329875e1707eea0e8fa96
0455,100_30,uav_esp,data/crossgeo-paper85/scenes/0455/uav/esp/0455_100_30.esp,605453,7e723b2764bcb3a76a1bfac94c672907d7f9ae2c79a5ebe2b2c007987a596411
0455,100_30,uav_reconstruction_xml,data/crossgeo-paper85/scenes/0455/uav/reconstruction_xml/0455_100_30.xml,657795,e44d7e35d762ca31edf323ff8e6f8dd2ee8f6719b66feabbecee8243288f802e
0455,45_30,uav_esp,data/crossgeo-paper85/scenes/0455/uav/esp/0455_45_30.esp,605430,b0438665c65d51228b3d33d230ab238155317f7ff70124bcbaa71fe099e9b5b2
0455,45_30,uav_reconstruction_xml,data/crossgeo-paper85/scenes/0455/uav/reconstruction_xml/0455_45_30.xml,622302,a78edfc9b18b44c2eb51ebe74a4aa450f9bd21daa40ed5b80c618fc7be29f855
0455,45_60,uav_esp,data/crossgeo-paper85/scenes/0455/uav/esp/0455_45_60.esp,605107,919cf003a6e64bb8f05539155e9a82c56a01c02fed7253a0e640c16dc43df517
0455,45_60,uav_reconstruction_xml,data/crossgeo-paper85/scenes/0455/uav/reconstruction_xml/0455_45_60.xml,633294,e55d45b3afdc50dc631486d3abb1fe5f26945290d48e567f2029dd24f1616331
0455,45_90,uav_esp,data/crossgeo-paper85/scenes/0455/uav/esp/0455_45_90.esp,605042,4b195f45a0716cd86ebd47ff71fdaa12e4d4a4c15c832fc92841e6e7e20fbf32
0455,45_90,uav_reconstruction_xml,data/crossgeo-paper85/scenes/0455/uav/reconstruction_xml/0455_45_90.xml,638211,8cfe3e9d8fc10b50958cea8a11be1c2b30aeb9b0b585fad52df9f50db62d80cc
0455,70_30,uav_esp,data/crossgeo-paper85/scenes/0455/uav/esp/0455_70_30.esp,605442,d6f92111ace9266a60cf28a23b41d15e006bd2c7d0f63ecd74b9fc5d2723d0d9
0455,70_30,uav_reconstruction_xml,data/crossgeo-paper85/scenes/0455/uav/reconstruction_xml/0455_70_30.xml,656255,3b96259bca52e8aecb210ba5675da49ed551b3465f5ae3d452a07a01ebcf2d32
0455,,ground_panoids,scenes/0455/ground/panoids.json,132463,88595b9094151adc92e870fd3df76a16f76530a1a6eab26125d2fe1ca0ce7736
0472,100_30,uav_esp,data/crossgeo-paper85/scenes/0472/uav/esp/0472_100_30.esp,605731,c5825ec3a7c06769ddfbd7cb2f5692f33fd3a2d37f3accd7b0a5a4a53f13dd41
0472,100_30,uav_reconstruction_xml,data/crossgeo-paper85/scenes/0472/uav/reconstruction_xml/0472_100_30.xml,659493,067720a3c38fbd06b07055d6bae6748ef3f13327b574560afc430790c13f030e
0472,45_30,uav_esp,data/crossgeo-paper85/scenes/0472/uav/esp/0472_45_30.esp,605744,50da7c2825bae6b350ace191bb942275b28ab675a3b21ac4715e07b103885666
0472,45_30,uav_reconstruction_xml,data/crossgeo-paper85/scenes/0472/uav/reconstruction_xml/0472_45_30.xml,637779,ab0ca3f8df1931acc9aada8a4ffc5cb5b987b4153446abf66815b5db2ff4f055
0472,45_60,uav_esp,data/crossgeo-paper85/scenes/0472/uav/esp/0472_45_60.esp,605421,0d0d3f60b3d0e817f3c2a2fc9d643fcb82691a2c191e57950cc73ed8f84ce17a
0472,45_60,uav_reconstruction_xml,data/crossgeo-paper85/scenes/0472/uav/reconstruction_xml/0472_45_60.xml,643239,965142372dcdd784a18dc663dd5636e07a4978e7584169ed3c3418b29eb0ec96
0472,45_90,uav_esp,data/crossgeo-paper85/scenes/0472/uav/esp/0472_45_90.esp,605356,0b5b01dd938f5ba4a9e35a69174313dd6d6c60f47cda603d6fddb8c0a113305e
0472,45_90,uav_reconstruction_xml,data/crossgeo-paper85/scenes/0472/uav/reconstruction_xml/0472_45_90.xml,657725,318fd2fb912511a66091bae7e2e6efb84a0d0f7a94e2640bb4aafea2a6601324
0472,70_30,uav_esp,data/crossgeo-paper85/scenes/0472/uav/esp/0472_70_30.esp,605714,f0b39660369803b8219d0b03903ed57d6a24d137419d852906b65339f9ea0f74
0472,70_30,uav_reconstruction_xml,data/crossgeo-paper85/scenes/0472/uav/reconstruction_xml/0472_70_30.xml,655053,7ed7f31a4a4ee0706b92471af5be305afd5683c9c17230d2c8b3c86b6484d2c3
0472,,ground_panoids,scenes/0472/ground/panoids.json,35008,bbc29d60fd12e1f96aa1b7e52d42392e6f60ec310c7f1801824800707acfdc9e
0493,100_30,uav_esp,data/crossgeo-paper85/scenes/0493/uav/esp/0493_100_30.esp,605907,13745f58e520737006748cae0bc07326964ed000b7cd4ac8ebea0ec23e77366d
0493,100_30,uav_reconstruction_xml,data/crossgeo-paper85/scenes/0493/uav/reconstruction_xml/0493_100_30.xml,660118,0ef0597659619fe750690acb2fd9bf5d266c2b0da8837fb0d4a418d82afa630e
0493,45_30,uav_esp,data/crossgeo-paper85/scenes/0493/uav/esp/0493_45_30.esp,605902,8aa6e19ae9ed2373ad4228ace178f0b11f912d23ce5460010c1b25a4b7f977b7
0493,45_30,uav_reconstruction_xml,data/crossgeo-paper85/scenes/0493/uav/reconstruction_xml/0493_45_30.xml,653754,6bfdbc59eb827b8cdf82eae5de07cfcf0d5f5cbd92df1daec3f307179564d356
0493,45_60,uav_esp,data/crossgeo-paper85/scenes/0493/uav/esp/0493_45_60.esp,605579,9f0fa080a8e1ded52707e5fe5c63044e89fe7b8af25968514abf8a8ba0b18d3d
0493,45_60,uav_reconstruction_xml,data/crossgeo-paper85/scenes/0493/uav/reconstruction_xml/0493_45_60.xml,654816,5532f87f945af1c062bf5d6e2a8e0ea83113250b5f491f3330d2b3b573bc2971
0493,45_90,uav_esp,data/crossgeo-paper85/scenes/0493/uav/esp/0493_45_90.esp,605514,7b55aa3c23fc566a2755073aa1411381a36e3ec3355cb28845c81621775e04c5
0493,45_90,uav_reconstruction_xml,data/crossgeo-paper85/scenes/0493/uav/reconstruction_xml/0493_45_90.xml,599214,eeab9962e35c10fbe72ebf06b74926d5feb53a9d301eb16920cc0cc66e679b27
0493,70_30,uav_esp,data/crossgeo-paper85/scenes/0493/uav/esp/0493_70_30.esp,605902,d5ce7d862443ba262d3e960274a39510e7e79c584ff97e0e28ab6fe34a18520d
0493,70_30,uav_reconstruction_xml,data/crossgeo-paper85/scenes/0493/uav/reconstruction_xml/0493_70_30.xml,660841,4ca4d75a669bc9e6f110a2a7228a88c7ef2547a7181742850f4d86b862ff4168
0493,,ground_panoids,scenes/0493/ground/panoids.json,177285,d9a5c7e20ec9e302f5974f8cdd0ee7d45e891759b2a5942385fe9eb7dcb38f41
0496,100_30,uav_esp,data/crossgeo-paper85/scenes/0496/uav/esp/0496_100_30.esp,605681,60d80204e21f0a0a170914d482d83e775068ec9a99fc866bd867d6d3791a5a80
0496,100_30,uav_reconstruction_xml,data/crossgeo-paper85/scenes/0496/uav/reconstruction_xml/0496_100_30.xml,654142,91bff5695feb3b5c98078d4451b03d9550e55651005c888e684e5aeb2d6125af
0496,45_30,uav_esp,data/crossgeo-paper85/scenes/0496/uav/esp/0496_45_30.esp,605675,ab47182923abd73b02108dda1bd12f9722340389c6469196e72604ff94ee13fa
0496,45_30,uav_reconstruction_xml,data/crossgeo-paper85/scenes/0496/uav/reconstruction_xml/0496_45_30.xml,630514,fb3c874370100734dd57cf72c504b04624d1543388def17da3ee92850ee8592c
0496,45_60,uav_esp,data/crossgeo-paper85/scenes/0496/uav/esp/0496_45_60.esp,605352,8ba1d0ca90e4438ef4f83471fc3b820b1aa6b3da7389b3e7fca273687a21a336
0496,45_60,uav_reconstruction_xml,data/crossgeo-paper85/scenes/0496/uav/reconstruction_xml/0496_45_60.xml,645301,3fcfbdb386adf4d2392d5502c8d685485cfc4d1200b2e85cd1030dc174d012a0
0496,45_90,uav_esp,data/crossgeo-paper85/scenes/0496/uav/esp/0496_45_90.esp,605287,62805291338dd562dc1441d5c183cfe63bd4512f479324b2e2f868ef854d6773
0496,45_90,uav_reconstruction_xml,data/crossgeo-paper85/scenes/0496/uav/reconstruction_xml/0496_45_90.xml,646615,f00295430489b69cc778483a842dfbd77aaeda8e0ec7889700a65e1821cb63ec
0496,70_30,uav_esp,data/crossgeo-paper85/scenes/0496/uav/esp/0496_70_30.esp,605675,773ecb5d6a0adc7cde24548073fba4aea32959e3f7aa70303233c730ab46103d
0496,70_30,uav_reconstruction_xml,data/crossgeo-paper85/scenes/0496/uav/reconstruction_xml/0496_70_30.xml,653612,cc32f61d94a9ac99ae462990f88c0d1264098bd91fe6d3313f9c5f27c7216a70
0496,,ground_panoids,scenes/0496/ground/panoids.json,59691,680fd4962a35c9b72c19792900a533c2f4130ab4aeed3311543d414740050736
